Date,open,high,low,close,adj_close,volume
2015/1/2,527.5615845,529.8153687,522.6650391,523.3731079,523.3731079,1447563
2015/1/5,521.8273315,522.8944092,511.6552429,512.4630127,512.4630127,2059840
2015/1/6,513.5899658,514.7617188,499.6781311,500.5856323,500.5856323,2899940
2015/1/7,505.6118469,505.8551636,498.2819519,499.7279968,499.7279968,2065054
2015/1/8,496.6265259,502.1014709,489.6556396,501.3036804,501.3036804,3353582
2015/1/9,503.3779907,503.5375366,493.4352722,494.8114929,494.8114929,2071371
2015/1/12,493.5848694,494.6180115,486.2250671,491.201416,491.201416,2326771
2015/1/13,497.4741821,501.6028442,491.0418396,494.8214722,494.8214722,2370490
2015/1/14,493.2956543,501.8521729,491.650177,499.4986267,499.4986267,2235721
2015/1/15,504.1857605,504.2954712,496.3971558,500.4161072,500.4161072,2715836
2015/1/16,498.6409912,506.798584,498.631012,506.6888733,506.6888733,2298293
2015/1/20,509.6008911,511.0967712,504.6305237,505.5121155,505.5121155,2232011
2015/1/21,505.861145,517.8582153,504.8140259,516.6216431,516.6216431,2268712
2015/1/22,520.0521851,534.8615112,518.2770996,532.9268188,532.9268188,2676929
2015/1/23,534.1235352,540.6855469,531.5406494,538.4716187,538.4716187,2281747
2015/1/26,537.055542,537.524231,528.2197876,533.7446289,533.7446289,1543727
2015/1/27,528.5189209,529.2469482,516.7711792,517.210022,517.210022,1904013
2015/1/28,521.3486328,521.5580444,508.6036377,508.6036377,508.6036377,1683810
2015/1/29,509.6008911,509.6906433,499.8277283,509.2618103,509.2618103,4186362
2015/1/30,514.4475708,538.3918457,514.1085205,533.0565186,533.0565186,5606350
2015/2/2,530.2741089,531.5406494,517.130249,527.03302,527.03302,2849803
2015/2/3,526.5543213,531.9395752,521.8273315,527.7909546,527.7909546,2038682
2015/2/4,527.7909546,531.213562,519.8427734,521.3286743,521.3286743,1663655
2015/2/5,522.355896,527.0529785,520.6605225,526.135498,526.135498,1849765
2015/2/6,526.1953125,535.729126,524.968689,529.5461426,529.5461426,1763529
2015/2/9,526.5543213,530.543396,524.5797729,526.3848267,526.3848267,1267771
2015/2/10,527.850769,536.2277832,525.4772949,535.4698486,535.4698486,1749891
2015/2/11,533.8343506,536.975708,531.9176025,534.5025024,534.5025024,1377772
2015/2/12,535.7789917,543.3283081,533.2090454,541.4434814,541.4434814,1620236
2015/2/13,541.8623047,548.4043579,541.6429443,547.5068359,547.5068359,1900303
2015/2/17,545.3327637,548.4940796,539.6085205,541.3536987,541.3536987,1616827
2015/2/18,539.9176636,543.99646,536.0383301,538.22229,538.22229,1453079
2015/2/19,536.5668335,541.6229858,536.5369263,541.383606,541.383606,989108
2015/2/20,541.6429443,542.2612305,534.3330078,537.4743652,537.4743652,1444355
2015/2/23,534.5822754,534.9702148,527.9605103,530.4536133,530.4536133,1457892
2015/2/24,528.5488892,535.3202515,526.8036499,534.6221924,534.6221924,1005052
2015/2/25,534.4327393,544.7244873,533.9789429,542.3809204,542.3809204,1826000
2015/2/26,541.7227173,554.6173096,540.017395,553.9591064,553.9591064,2311529
2015/2/27,552.7224731,563.1638184,551.3861694,556.8710938,556.8710938,2410199
2015/3/2,558.9953003,570.5834351,557.2201538,569.7756958,569.7756958,2129631
2015/3/3,568.8881226,573.8145752,564.9688721,572.069397,572.069397,1704768
2015/3/4,570.3042603,575.5299072,566.4547729,571.8001099,571.8001099,1876839
2015/3/5,573.4456177,576.3276978,571.8400269,573.7547607,573.7547607,1389605
2015/3/6,573.3059692,575.1010742,565.2081909,566.1306763,566.1306763,1659143
2015/3/9,565.3079224,568.7086182,561.9920654,567.2924805,567.2924805,1062108
2015/3/10,562.7050781,563.3034668,553.2111816,553.4904175,553.4904175,1792307
2015/3/11,553.6200562,556.6118164,549.1722412,549.6708984,549.6708984,1820785
2015/3/12,551.9945068,554.8466797,548.9528198,553.9890137,553.9890137,1389605
2015/3/13,551.9844971,556.8710938,542.7299194,545.8214722,545.8214722,1703564
2015/3/16,549.4415283,555.3253784,544.5050659,552.9917603,552.9917603,1640993
2015/3/17,550.1994019,552.2836914,546.4995728,549.3317871,549.3317871,1805544
2015/3/18,550.9872437,558.2473145,545.5023193,557.9680786,557.9680786,2134544
2015/3/19,557.8583984,559.2645264,554.6223145,556.4622192,556.4622192,1197278
2015/3/20,560.1121826,560.1820068,557.5193481,558.8257446,558.8257446,2616865
2015/3/23,558.8955688,560.8202515,554.3081665,557.2799683,557.2799683,1643801
2015/3/24,561.0197144,573.0167847,559.6734009,568.6288452,568.6288452,2583273
2015/3/25,568.9379883,570.6931763,557.2102051,557.2550659,557.2550659,2152293
2015/3/26,556.0633545,557.369751,549.142334,553.6499634,553.6499634,1572606
2015/3/27,551.4859009,553.7596436,546.6292114,546.8386841,546.8386841,1897495
2015/3/30,550.1096802,551.9545898,546.6691284,550.5185547,550.5185547,1287525
2015/3/31,548.4940796,553.1912231,545.2230835,546.4995728,546.4995728,1588048
2015/4/1,547.0979614,549.6309814,538.0228882,541.0744629,541.0744629,1963075
2015/4/2,539.3691406,539.3691406,532.3853149,534.0637207,534.0637207,1716399
2015/4/6,530.7628174,536.9358521,528.1200562,535.2953491,535.2953491,1324426
2015/4/7,536.6067505,541.2041016,534.5324707,535.5496216,535.5496216,1302867
2015/4/8,536.9059448,542.3609619,536.9059448,540.1270752,540.1270752,1178527
2015/4/9,539.548645,540.4661255,534.0238647,539.2993774,539.2993774,1557865
2015/4/10,540.8052368,540.8052368,535.8388672,538.5314331,538.5314331,1409459
2015/4/13,536.9358521,542.5703735,535.8388672,537.6937866,537.6937866,1645305
2015/4/14,534.7817383,536.0981445,526.6461182,528.9378052,528.9378052,2604130
2015/4/15,527.2524414,533.2659302,521.7874146,531.0719604,531.0719604,2318849
2015/4/16,528.4491577,534.1235352,528.1599121,532.3384399,532.3384399,1299859
2015/4/17,527.2125244,528.3892822,519.5834961,522.6151733,522.6151733,2151892
2015/4/20,524.1608887,534.6221924,523.0639038,533.9141235,533.9141235,1679298
2015/4/21,536.0383301,537.913147,532.2138062,532.5079956,532.5079956,1844751
2015/4/22,532.9368286,539.5985107,530.2940674,537.8882446,537.8882446,1593563
2015/4/23,539.5187378,549.4514771,538.7508545,545.5023193,545.5023193,4184858
2015/4/24,564.5500488,569.5762329,555.7242432,563.5128784,563.5128784,4932505
2015/4/27,563.3900146,565.9500122,553.2000122,555.3699951,555.3699951,2398000
2015/4/28,554.6400146,556.0200195,550.3660278,553.6799927,553.6799927,1491000
2015/4/29,550.4699707,553.6799927,546.9050293,549.0800171,549.0800171,1698800
2015/4/30,547.8699951,548.5900269,535.0499878,537.3400269,537.3400269,2082200
2015/5/1,538.4299927,539.539978,532.0999756,537.9000244,537.9000244,1768200
2015/5/4,538.5300293,544.0700073,535.0599976,540.7800293,540.7800293,1308000
2015/5/5,538.210022,539.7399902,530.3909912,530.7999878,530.7999878,1383100
2015/5/6,531.2399902,532.3800049,521.085022,524.2199707,524.2199707,1567000
2015/5/7,523.9899902,533.460022,521.75,530.7000122,530.7000122,1546300
2015/5/8,536.6500244,541.1500244,525,538.2199707,538.2199707,1527600
2015/5/11,538.3699951,541.9799805,535.4000244,535.7000122,535.7000122,905300
2015/5/12,531.5999756,533.2089844,525.2600098,529.039978,529.039978,1634200
2015/5/13,530.5599976,534.3220215,528.6550293,529.6199951,529.6199951,1252300
2015/5/14,533.7700195,539,532.4099731,538.4000244,538.4000244,1403900
2015/5/15,539.1799927,539.2739868,530.3800049,533.8499756,533.8499756,1971300
2015/5/18,532.0100098,534.8200073,528.8499756,532.2999878,532.2999878,2003400
2015/5/19,533.9799805,540.6599731,533.039978,537.3599854,537.3599854,1966900
2015/5/20,538.4899902,542.9199829,532.9719849,539.2700195,539.2700195,1430800
2015/5/21,537.9500122,543.8400269,535.9799805,542.5100098,542.5100098,1462700
2015/5/22,540.1500244,544.1900024,539.5100098,540.1099854,540.1099854,1176200
2015/5/26,538.1199951,539,529.8800049,532.3200073,532.3200073,2406500
2015/5/27,532.7999878,540.5499878,531.710022,539.789978,539.789978,1525000
2015/5/28,538.0100098,540.6099854,536.25,539.7800293,539.7800293,1029800
2015/5/29,537.3699951,538.6300049,531.4500122,532.1099854,532.1099854,2597400
2015/6/1,536.789978,536.789978,529.7600098,533.9899902,533.9899902,1904300
2015/6/2,532.9299927,543,531.3300171,539.1799927,539.1799927,1939000
2015/6/3,539.9099731,543.5,537.1099854,540.3099976,540.3099976,1717000
2015/6/4,537.7600098,540.5900269,534.3200073,536.7000122,536.7000122,1348300
2015/6/5,536.3499756,537.2000122,532.5200195,533.3300171,533.3300171,1388200
2015/6/8,533.3099976,534.1199951,526.2399902,526.8300171,526.8300171,1520600
2015/6/9,527.5599976,529.2000122,523.0100098,526.6900024,526.6900024,1455300
2015/6/10,529.3599854,538.3599854,529.3499756,536.6900024,536.6900024,1815000
2015/6/11,538.4249878,538.9799805,533.0200195,534.6099854,534.6099854,1217500
2015/6/12,531.5999756,533.1199951,530.1599731,532.3300171,532.3300171,955800
2015/6/15,528,528.2999878,524,527.2000122,527.2000122,1632700
2015/6/16,528.4000244,529.6400146,525.5599976,528.1500244,528.1500244,1071800
2015/6/17,529.3699951,530.9799805,525.0999756,529.2600098,529.2600098,1294200
2015/6/18,531,538.1500244,530.789978,536.7299805,536.7299805,1833100
2015/6/19,537.210022,538.25,533.0100098,536.6900024,536.6900024,1893500
2015/6/22,539.5900269,543.7399902,537.5300293,538.1900024,538.1900024,1250300
2015/6/23,539.6400146,541.4990234,535.25,540.4799805,540.4799805,1197500
2015/6/24,540,540,535.6599731,537.8400269,537.8400269,1286600
2015/6/25,538.8699951,540.9000244,535.2299805,535.2299805,535.2299805,1335700
2015/6/26,537.2600098,537.7600098,531.3499756,531.6900024,531.6900024,2109100
2015/6/29,525.0100098,528.6099854,520.539978,521.5200195,521.5200195,1937800
2015/6/30,526.0200195,526.25,520.5,520.5100098,520.5100098,2217200
2015/7/1,524.7299805,525.6900024,518.2299805,521.8400269,521.8400269,1961000
2015/7/2,521.0800171,524.6500244,521.0800171,523.4000244,523.4000244,1235900
2015/7/6,519.5,525.25,519,522.8599854,522.8599854,1280500
2015/7/7,523.1300049,526.1799927,515.1799927,525.0200195,525.0200195,1597200
2015/7/8,521.0499878,522.7340088,516.1099854,516.8300171,516.8300171,1296700
2015/7/9,523.1199951,523.7700195,520.3499756,520.6799927,520.6799927,1842300
2015/7/10,526.289978,532.5599976,525.5499878,530.1300049,530.1300049,1956700
2015/7/13,532.8800049,547.1099854,532.4000244,546.5499878,546.5499878,2206500
2015/7/14,546.7600098,565.848999,546.710022,561.0999756,561.0999756,3244100
2015/7/15,560.1300049,566.5029907,556.789978,560.2199707,560.2199707,1784600
2015/7/16,565.1199951,580.6799927,565,579.8499756,579.8499756,4768300
2015/7/17,649,674.4680176,645,672.9299927,672.9299927,11164900
2015/7/20,659.2399902,668.8800049,653.0100098,663.0200195,663.0200195,5860900
2015/7/21,655.210022,673,654.2999878,662.2999878,662.2999878,3377200
2015/7/22,660.8900146,678.6400146,659,662.0999756,662.0999756,3929300
2015/7/23,661.2700195,663.6300049,641,644.2800293,644.2800293,3029100
2015/7/24,647,648.1699829,622.5200195,623.5599976,623.5599976,3625700
2015/7/27,621,634.2999878,620.5,627.2600098,627.2600098,2675400
2015/7/28,632.8300171,632.8300171,623.3099976,628,628,1727300
2015/7/29,628.7999878,633.3599854,622.6500244,631.9299927,631.9299927,1575100
2015/7/30,630,635.2199707,622.0499878,632.5900269,632.5900269,1474200
2015/7/31,631.3800049,632.9099731,625.5,625.6099854,625.6099854,1706100
2015/8/3,625.3400269,633.0560303,625.3400269,631.210022,631.210022,1304500
2015/8/4,628.4199829,634.8099976,627.1599731,629.25,629.25,1490900
2015/8/5,634.3300171,647.8599854,633.1599731,643.7800293,643.7800293,2334300
2015/8/6,645,645.3790283,632.25,642.6799927,642.6799927,1572600
2015/8/7,640.2299805,642.6799927,629.710022,635.2999878,635.2999878,1403900
2015/8/10,639.4799805,643.4400024,631.2490234,633.7299805,633.7299805,1809200
2015/8/11,669.2000122,674.9000244,654.2700195,660.7800293,660.7800293,5029200
2015/8/12,663.0800171,665,652.289978,659.5599976,659.5599976,2936700
2015/8/13,659.3220215,664.5,651.6610107,656.4500122,656.4500122,1810700
2015/8/14,655.0100098,659.8549805,652.6599731,657.1199951,657.1199951,1072100
2015/8/17,656.7999878,661.3800049,651.2399902,660.8699951,660.8699951,1051700
2015/8/18,661.9000244,664,653.460022,656.1300049,656.1300049,1456100
2015/8/19,656.5999756,667,654.1900024,660.9000244,660.9000244,2134100
2015/8/20,655.460022,662.9899902,642.9000244,646.8300171,646.8300171,2855300
2015/8/21,639.7800293,640.0499878,612.3300171,612.4799805,612.4799805,4265200
2015/8/24,573,599.3300171,565.0499878,589.6099854,589.6099854,5770300
2015/8/25,614.9099731,617.4500122,581.1099854,582.0599976,582.0599976,3538000
2015/8/26,610.3499756,631.710022,599.0499878,628.6199951,628.6199951,4235900
2015/8/27,639.4000244,643.5900269,622,637.6099854,637.6099854,3491300
2015/8/28,632.8200073,636.8800049,624.5599976,630.3800049,630.3800049,1978700
2015/8/31,627.539978,635.7999878,617.6799927,618.25,618.25,2176700
2015/9/1,602.3599854,612.8599854,594.0999756,597.789978,597.789978,3702100
2015/9/2,605.5900269,614.3400269,599.710022,614.3400269,614.3400269,2575600
2015/9/3,617,619.710022,602.8209839,606.25,606.25,1759600
2015/9/4,600,603.4699707,595.25,600.7000122,600.7000122,2089000
2015/9/8,612.4899902,616.3099976,604.1199951,614.6599731,614.6599731,2279500
2015/9/9,621.2199707,626.5200195,609.5999756,612.7199707,612.7199707,1702100
2015/9/10,613.0999756,624.1599731,611.4299927,621.3499756,621.3499756,1905300
2015/9/11,619.75,625.7800293,617.4199829,625.7700195,625.7700195,1373500
2015/9/14,625.7000122,625.8599854,619.4299927,623.2399902,623.2399902,1702300
2015/9/15,626.7000122,638.7000122,623.7800293,635.1400146,635.1400146,2084400
2015/9/16,635.4699707,637.9500122,632.3200073,635.9799805,635.9799805,1286500
2015/9/17,637.789978,650.9000244,635.0200195,642.9000244,642.9000244,2274700
2015/9/18,636.789978,640,627.0200195,629.25,629.25,5133400
2015/9/21,634.4000244,636.4899902,625.9400024,635.4400024,635.4400024,1788500
2015/9/22,627,627.5499878,615.4299927,622.6900024,622.6900024,2562900
2015/9/23,622.0499878,628.9299927,620,622.3599854,622.3599854,1470900
2015/9/24,616.6400146,627.3200073,612.4000244,625.7999878,625.7999878,2240100
2015/9/25,629.7700195,629.7700195,611,611.9699707,611.9699707,2174000
2015/9/28,610.3400269,614.6049805,589.3800049,594.8900146,594.8900146,3127700
2015/9/29,597.2800293,605,590.2199707,594.9699707,594.9699707,2309500
2015/9/30,603.2800293,608.7600098,600.7299805,608.4199829,608.4199829,2413400
2015/10/1,608.3699951,612.0900269,599.8499756,611.289978,611.289978,1867600
2015/10/2,607.2000122,627.3400269,603.1300049,626.9099731,626.9099731,2684800
2015/10/5,632,643.0100098,627,641.4699707,641.4699707,1803600
2015/10/6,638.8400269,649.25,636.5300293,645.4400024,645.4400024,2166300
2015/10/7,649.2399902,650.6090088,632.1500244,642.3599854,642.3599854,2092700
2015/10/8,641.3599854,644.4500122,625.5599976,639.1599731,639.1599731,2182100
2015/10/9,640,645.9899902,635.3179932,643.6099854,643.6099854,1648700
2015/10/12,642.0900269,648.5,639.0100098,646.6699829,646.6699829,1275200
2015/10/13,643.1500244,657.8120117,643.1500244,652.2999878,652.2999878,1807700
2015/10/14,653.210022,659.3900146,648.8499756,651.1599731,651.1599731,1415500
2015/10/15,654.6599731,663.1300049,654.460022,661.7399902,661.7399902,1885700
2015/10/16,664.1099854,664.9699707,657.2000122,662.2000122,662.2000122,1611100
2015/10/19,661.1799927,666.8200073,659.5800171,666.0999756,666.0999756,1477300
2015/10/20,664.039978,664.7199707,644.1950073,650.2800293,650.2800293,2498200
2015/10/21,654.1500244,655.8699951,641.7299805,642.6099854,642.6099854,1791100
2015/10/22,646.7000122,657.7999878,644.0100098,651.789978,651.789978,4071000
2015/10/23,727.5,730,701.5,702,702,6653900
2015/10/26,701.5499878,719.1500244,701.2600098,712.7800293,712.7800293,2716600
2015/10/27,707.3800049,713.6199951,704.5499878,708.4899902,708.4899902,2245800
2015/10/28,707.3300171,712.9799805,703.0800171,712.9500122,712.9500122,2178900
2015/10/29,710.5,718.2600098,710.0100098,716.9199829,716.9199829,1456000
2015/10/30,715.7299805,718,710.0499878,710.8099976,710.8099976,1908800
2015/11/2,711.0599976,721.6199951,705.8499756,721.1099854,721.1099854,1886300
2015/11/3,718.8599854,724.6500244,714.7199707,722.1599731,722.1599731,1565400
2015/11/4,722,733.0999756,721.9000244,728.1099854,728.1099854,1706700
2015/11/5,729.4699707,739.4799805,729.4699707,731.25,731.25,1861600
2015/11/6,731.5,735.4099731,727.0100098,733.7600098,733.7600098,1511600
2015/11/9,730.2000122,734.710022,719.4299927,724.8900146,724.8900146,2069800
2015/11/10,724.4000244,730.5900269,718.5,728.3200073,728.3200073,1608000
2015/11/11,732.460022,741,730.2299805,735.4000244,735.4000244,1366400
2015/11/12,731,737.7999878,728.6450195,731.2299805,731.2299805,1837200
2015/11/13,729.1699829,731.1500244,716.7299805,717,717,2075500
2015/11/16,715.5999756,729.4899902,711.3300171,728.960022,728.960022,1905900
2015/11/17,729.289978,731.8449707,723.0269775,725.2999878,725.2999878,1510900
2015/11/18,727.5800171,741.4099731,727,740,740,1684300
2015/11/19,738.7399902,742,737.4299927,738.4099731,738.4099731,1327100
2015/11/20,746.5300293,757.9199829,743,756.5999756,756.5999756,2212300
2015/11/23,757.4500122,762.7080078,751.8200073,755.9799805,755.9799805,1414500
2015/11/24,752,755.2789917,737.6300049,748.2800293,748.2800293,2333100
2015/11/25,748.1400146,752,746.0599976,748.1500244,748.1500244,1122100
2015/11/27,748.460022,753.4099731,747.4899902,750.2600098,750.2600098,838500
2015/11/30,748.8099976,754.9299927,741.2700195,742.5999756,742.5999756,2097600
2015/12/1,747.1099854,768.9500122,746.7000122,767.039978,767.039978,2134600
2015/12/2,768.9000244,775.9550171,758.960022,762.3800049,762.3800049,2230400
2015/12/3,766.0100098,768.9949951,745.6300049,752.539978,752.539978,2590600
2015/12/4,753.0999756,768.4899902,750,766.8099976,766.8099976,2757300
2015/12/7,767.7700195,768.7299805,755.0900269,763.25,763.25,1812300
2015/12/8,757.8900146,764.7999878,754.2000122,762.3699951,762.3699951,1829500
2015/12/9,759.1699829,764.2299805,737.0009766,751.6099854,751.6099854,2700000
2015/12/10,752.8499756,755.8499756,743.8300171,749.460022,749.460022,1988400
2015/12/11,741.1599731,745.710022,736.75,738.8699951,738.8699951,2224400
2015/12/14,741.789978,748.7299805,724.1699829,747.7700195,747.7700195,2412500
2015/12/15,753,758.0800171,743.0100098,743.4000244,743.4000244,2666200
2015/12/16,750,760.5900269,739.4349976,758.0900269,758.0900269,1993300
2015/12/17,762.4199829,762.6799927,749,749.4299927,749.4299927,1553400
2015/12/18,746.5100098,754.1300049,738.1500244,739.3099976,739.3099976,3148700
2015/12/21,746.1300049,750,740,747.7700195,747.7700195,1525700
2015/12/22,751.6500244,754.8499756,745.5300293,750,750,1365400
2015/12/23,753.4699707,754.210022,744,750.3099976,750.3099976,1565900
2015/12/24,749.5499878,751.3499756,746.6199951,748.4000244,748.4000244,527200
2015/12/28,752.9199829,762.9899902,749.5200195,762.5100098,762.5100098,1515300
2015/12/29,766.6900024,779.9799805,766.4299927,776.5999756,776.5999756,1765000
2015/12/30,776.5999756,777.5999756,766.9000244,771,771,1293300
2015/12/31,769.5,769.5,758.3400269,758.8800049,758.8800049,1500900
2016/1/4,743,744.0599976,731.2579956,741.8400269,741.8400269,3272800
2016/1/5,746.4500122,752,738.6400146,742.5800171,742.5800171,1950700
2016/1/6,730,747.1799927,728.9199829,743.6199951,743.6199951,1947000
2016/1/7,730.3099976,738.5,719.0599976,726.3900146,726.3900146,2963700
2016/1/8,731.4500122,733.2299805,713,714.4699707,714.4699707,2450900
2016/1/11,716.6099854,718.8549805,703.539978,716.0300293,716.0300293,2090600
2016/1/12,721.6799927,728.75,717.3170166,726.0700073,726.0700073,2024500
2016/1/13,730.8499756,734.7399902,698.6099854,700.5599976,700.5599976,2501700
2016/1/14,705.3800049,721.9249878,689.0999756,714.7199707,714.7199707,2225800
2016/1/15,692.289978,706.7399902,685.3699951,694.4500122,694.4500122,3608100
2016/1/19,703.2999878,709.9799805,693.4099731,701.789978,701.789978,2268100
2016/1/20,688.6099854,706.8499756,673.2600098,698.4500122,698.4500122,3445000
2016/1/21,702.1799927,719.1900024,694.460022,706.5900269,706.5900269,2412200
2016/1/22,723.5999756,728.1300049,720.1209717,725.25,725.25,2011800
2016/1/25,723.5800171,729.6799927,710.0100098,711.6699829,711.6699829,1711700
2016/1/26,713.8499756,718.2800293,706.4799805,713.039978,713.039978,1331700
2016/1/27,713.6699829,718.2349854,694.3900146,699.9899902,699.9899902,2194200
2016/1/28,722.2199707,733.6900024,712.3499756,730.960022,730.960022,2676400
2016/1/29,731.5300293,744.9899902,726.7999878,742.9500122,742.9500122,3474300
2016/2/1,750.460022,757.8599854,743.2700195,752,752,5139200
2016/2/2,784.5,789.8699951,764.6500244,764.6500244,764.6500244,6348100
2016/2/3,770.2199707,774.5,720.5,726.9500122,726.9500122,6171000
2016/2/4,722.8099976,727,701.8599854,708.0100098,708.0100098,5168700
2016/2/5,703.8699951,703.9899902,680.1500244,683.5700073,683.5700073,5105700
2016/2/8,667.8499756,684.0300293,663.0599976,682.7399902,682.7399902,4247400
2016/2/9,672.3200073,699.9000244,668.7700195,678.1099854,678.1099854,3608900
2016/2/10,686.8599854,701.3099976,682.1300049,684.1199951,684.1199951,2638000
2016/2/11,675,689.3499756,668.867981,683.1099854,683.1099854,3024000
2016/2/12,690.2600098,693.75,678.5999756,682.4000244,682.4000244,2141400
2016/2/16,692.9799805,698,685.0499878,691,691,2520000
2016/2/17,698.0900269,709.75,691.3800049,708.4000244,708.4000244,2492600
2016/2/18,710,712.3499756,696.0300293,697.3499756,697.3499756,1883200
2016/2/19,695.0300293,703.0809937,694.0499878,700.9099731,700.9099731,1589300
2016/2/22,707.4500122,713.2399902,702.5100098,706.460022,706.460022,1949800
2016/2/23,701.4500122,708.4000244,693.5800171,695.8499756,695.8499756,2009300
2016/2/24,688.9199829,700,680.7800293,699.5599976,699.5599976,1963600
2016/2/25,700.0100098,705.9799805,690.585022,705.75,705.75,1642200
2016/2/26,708.5800171,713.4299927,700.8599854,705.0700073,705.0700073,2243500
2016/2/29,700.3200073,710.8900146,697.6799927,697.7700195,697.7700195,2481100
2016/3/1,703.6199951,718.8099976,699.7700195,718.8099976,718.8099976,2151400
2016/3/2,719,720,712,718.8499756,718.8499756,1629000
2016/3/3,718.6799927,719.4500122,706.0200195,712.4199829,712.4199829,1958000
2016/3/4,714.9899902,716.4899902,706.0200195,710.8900146,710.8900146,1972100
2016/3/7,706.9000244,708.0910034,686.9000244,695.1599731,695.1599731,2985100
2016/3/8,688.5900269,703.789978,685.3400269,693.9699707,693.9699707,2076300
2016/3/9,698.4699707,705.6799927,694,705.2399902,705.2399902,1421500
2016/3/10,708.1199951,716.4400024,703.3599854,712.8200073,712.8200073,2833500
2016/3/11,720,726.9199829,717.125,726.8200073,726.8200073,1970800
2016/3/14,726.8099976,735.5,725.1500244,730.4899902,730.4899902,1718300
2016/3/15,726.9199829,732.289978,724.7700195,728.3300171,728.3300171,1721000
2016/3/16,726.3699951,737.4699707,724.5100098,736.0900269,736.0900269,1624400
2016/3/17,736.4500122,743.0700073,736,737.7800293,737.7800293,1860800
2016/3/18,741.8599854,742,731.8300171,737.5999756,737.5999756,2980700
2016/3/21,736.5,742.5,733.5159912,742.0900269,742.0900269,1836500
2016/3/22,737.460022,745,737.460022,740.75,740.75,1269700
2016/3/23,742.3599854,745.7199707,736.1500244,738.0599976,738.0599976,1432100
2016/3/24,732.0100098,737.7470093,731,735.2999878,735.2999878,1594900
2016/3/28,736.789978,738.9899902,732.5,733.5300293,733.5300293,1301300
2016/3/29,734.5900269,747.25,728.7600098,744.7700195,744.7700195,1903800
2016/3/30,750.0999756,757.8800049,748.7399902,750.5300293,750.5300293,1782400
2016/3/31,749.25,750.8499756,740.9400024,744.9500122,744.9500122,1718800
2016/4/1,738.5999756,750.3400269,737,749.9099731,749.9099731,1576700
2016/4/4,750.0599976,752.7999878,742.4299927,745.289978,745.289978,1134200
2016/4/5,738,742.7999878,735.3699951,737.7999878,737.7999878,1132300
2016/4/6,735.7700195,746.2399902,735.5599976,745.6900024,745.6900024,1053700
2016/4/7,745.3699951,747,736.2800293,740.2800293,740.2800293,1453200
2016/4/8,743.9699707,745.4500122,735.5499878,739.1500244,739.1500244,1290800
2016/4/11,743.0200195,745,736.0499878,736.0999756,736.0999756,1220100
2016/4/12,738,743.8300171,731.0100098,743.0900269,743.0900269,1353000
2016/4/13,749.1599731,754.3800049,744.2609863,751.7199707,751.7199707,1707100
2016/4/14,754.0100098,757.3099976,752.7050171,753.2000122,753.2000122,1135300
2016/4/15,753.9799805,761,752.6939697,759,759,1809300
2016/4/18,760.460022,768.0499878,757.2999878,766.6099854,766.6099854,1558800
2016/4/19,769.5100098,769.9000244,749.3300171,753.9299927,753.9299927,2030500
2016/4/20,758,758.132019,750.0100098,752.6699829,752.6699829,1529200
2016/4/21,755.3800049,760.4500122,749.5499878,759.1400146,759.1400146,3060500
2016/4/22,726.2999878,736.1199951,713.6099854,718.7700195,718.7700195,5951900
2016/4/25,716.0999756,723.9299927,715.5900269,723.1500244,723.1500244,1959200
2016/4/26,725.4199829,725.7659912,703.026001,708.1400146,708.1400146,2744600
2016/4/27,707.289978,708.9799805,692.3649902,705.8400269,705.8400269,3098600
2016/4/28,708.2600098,714.1699829,689.5499878,691.0200195,691.0200195,2867300
2016/4/29,690.7000122,697.6199951,689,693.0100098,693.0100098,2487700
2016/5/2,697.6300049,700.6400146,691,698.210022,698.210022,1645300
2016/5/3,696.8699951,697.8400269,692,692.3599854,692.3599854,1543800
2016/5/4,690.4899902,699.75,689.0100098,695.7000122,695.7000122,1693500
2016/5/5,697.7000122,702.3200073,695.7199707,701.4299927,701.4299927,1683500
2016/5/6,698.3800049,711.8599854,698.1069946,711.1199951,711.1199951,1829300
2016/5/9,712,718.710022,710,712.9000244,712.9000244,1510300
2016/5/10,716.75,723.5,715.7199707,723.1799927,723.1799927,1569600
2016/5/11,723.4099731,724.4799805,712.7999878,715.289978,715.289978,1692100
2016/5/12,717.0599976,719.25,709,713.3099976,713.3099976,1360700
2016/5/13,711.9299927,716.6619873,709.2600098,710.8300171,710.8300171,1314500
2016/5/16,709.1300049,718.4799805,705.6500244,716.4899902,716.4899902,1317100
2016/5/17,715.9899902,721.5200195,704.1099854,706.2299805,706.2299805,2001200
2016/5/18,703.6699829,711.5999756,700.6300049,706.6300049,706.6300049,1766800
2016/5/19,702.3599854,706,696.7999878,700.3200073,700.3200073,1670200
2016/5/20,701.6199951,714.5800171,700.5200195,709.7399902,709.7399902,1828400
2016/5/23,706.5300293,711.4780273,704.1799927,704.2399902,704.2399902,1330700
2016/5/24,706.8599854,720.9699707,706.8599854,720.0900269,720.0900269,1929500
2016/5/25,720.7600098,727.5100098,719.7050171,725.2700195,725.2700195,1629200
2016/5/26,722.8699951,728.3300171,720.2800293,724.1199951,724.1199951,1576300
2016/5/27,724.0100098,733.9359741,724,732.6599731,732.6599731,1975000
2016/5/31,731.7399902,739.7299805,731.2600098,735.7199707,735.7199707,2129500
2016/6/1,734.5300293,737.210022,730.6599731,734.1500244,734.1500244,1253600
2016/6/2,732.5,733.0200195,724.1699829,730.4000244,730.4000244,1341800
2016/6/3,729.2700195,729.4899902,720.5599976,722.3400269,722.3400269,1226300
2016/6/6,724.9099731,724.9099731,714.6099854,716.5499878,716.5499878,1565300
2016/6/7,719.8400269,721.9799805,716.5499878,716.6500244,716.6500244,1336200
2016/6/8,723.960022,728.5700073,720.5800171,728.2800293,728.2800293,1583700
2016/6/9,722.8699951,729.539978,722.3359985,728.5800171,728.5800171,988900
2016/6/10,719.4699707,725.8900146,716.4299927,719.4099731,719.4099731,1216400
2016/6/13,716.5100098,725.4400024,716.5100098,718.3599854,718.3599854,1258900
2016/6/14,716.4799805,722.4699707,713.1199951,718.2700195,718.2700195,1306100
2016/6/15,719,722.9799805,717.3099976,718.9199829,718.9199829,1214500
2016/6/16,714.9099731,716.6500244,703.2600098,710.3599854,710.3599854,1982500
2016/6/17,708.6500244,708.8200073,688.4520264,691.7199707,691.7199707,3402400
2016/6/20,698.7700195,702.4799805,693.4099731,693.710022,693.710022,2082500
2016/6/21,698.4000244,702.7700195,692.0100098,695.9400024,695.9400024,1465600
2016/6/22,699.0599976,700.8599854,693.0819702,697.460022,697.460022,1184300
2016/6/23,697.4500122,701.9500122,687,701.8699951,701.8699951,2171400
2016/6/24,675.1699829,689.4000244,673.4500122,675.2199707,675.2199707,4449000
2016/6/27,671,672.2999878,663.2839966,668.2600098,668.2600098,2629000
2016/6/28,678.9699707,680.3300171,673,680.039978,680.039978,2173800
2016/6/29,683,687.4290161,681.4099731,684.1099854,684.1099854,1932600
2016/6/30,685.4699707,692.3200073,683.6500244,692.0999756,692.0999756,1597700
2016/7/1,692.2000122,700.6500244,692.1300049,699.210022,699.210022,1344700
2016/7/5,696.0599976,696.9400024,688.8800049,694.9500122,694.9500122,1462600
2016/7/6,689.9799805,701.6799927,689.0900269,697.7700195,697.7700195,1411900
2016/7/7,698.0800171,698.2000122,688.2150269,695.3599854,695.3599854,1304200
2016/7/8,699.5,705.710022,696.4349976,705.6300049,705.6300049,1575200
2016/7/11,708.0499878,716.5100098,707.2399902,715.0900269,715.0900269,1111800
2016/7/12,719.1199951,722.9400024,715.9099731,720.6400146,720.6400146,1336900
2016/7/13,723.6199951,724,716.8499756,716.9799805,716.9799805,935900
2016/7/14,721.5800171,722.210022,718.0300293,720.9500122,720.9500122,950200
2016/7/15,725.7299805,725.7399902,719.0549927,719.8499756,719.8499756,1279300
2016/7/18,722.710022,736.1300049,721.1900024,733.7800293,733.7800293,1295500
2016/7/19,729.8900146,736.9899902,729,736.960022,736.960022,1227500
2016/7/20,737.3300171,742.1300049,737.0999756,741.1900024,741.1900024,1289700
2016/7/21,740.3599854,741.6900024,735.8309937,738.6300049,738.6300049,1026300
2016/7/22,741.8599854,743.2399902,736.5599976,742.7399902,742.7399902,1259800
2016/7/25,740.6699829,742.6099854,737.5,739.7700195,739.7700195,1032400
2016/7/26,739.039978,741.6900024,734.2700195,738.4199829,738.4199829,1186700
2016/7/27,738.2800293,744.460022,737,741.7700195,741.7700195,1512500
2016/7/28,747.039978,748.6500244,739.2999878,745.9099731,745.9099731,3530200
2016/7/29,772.710022,778.5499878,766.7700195,768.789978,768.789978,3841500
2016/8/1,761.0900269,780.4299927,761.0900269,772.8800049,772.8800049,2700500
2016/8/2,768.6900024,775.8400269,767.8499756,771.0700073,771.0700073,1784500
2016/8/3,767.1799927,773.210022,766.8200073,773.1799927,773.1799927,1287400
2016/8/4,772.2199707,774.0700073,768.7949829,771.6099854,771.6099854,1140300
2016/8/5,773.7800293,783.039978,772.3400269,782.2199707,782.2199707,1801200
2016/8/8,782,782.6300049,778.0910034,781.7600098,781.7600098,1107900
2016/8/9,781.0999756,788.9400024,780.5700073,784.2600098,784.2600098,1318900
2016/8/10,783.75,786.8120117,782.7780151,784.6799927,784.6799927,786400
2016/8/11,785,789.75,782.9699707,784.8499756,784.8499756,975100
2016/8/12,781.5,783.3950195,780.4000244,783.2199707,783.2199707,740500
2016/8/15,783.75,787.4899902,780.1099854,782.4400024,782.4400024,938200
2016/8/16,780.2999878,780.9799805,773.4439697,777.1400146,777.1400146,1028000
2016/8/17,777.3200073,780.8099976,773.5300293,779.9099731,779.9099731,924200
2016/8/18,780.0100098,782.8599854,777,777.5,777.5,719400
2016/8/19,775,777.0999756,773.1300049,775.4199829,775.4199829,861500
2016/8/22,773.2700195,774.539978,770.0499878,772.1500244,772.1500244,951400
2016/8/23,775.4799805,776.4400024,771.7849731,772.0800171,772.0800171,928200
2016/8/24,770.5800171,774.5,767.0700073,769.6400146,769.6400146,1072000
2016/8/25,767,771.8900146,763.1849976,769.4099731,769.4099731,926900
2016/8/26,769,776.0800171,765.8499756,769.539978,769.539978,1166700
2016/8/29,768.7399902,774.9899902,766.6149902,772.1500244,772.1500244,847600
2016/8/30,769.3300171,774.4660034,766.8400269,769.0900269,769.0900269,1130000
2016/8/31,767.0100098,769.0900269,765.3800049,767.0499878,767.0499878,1248600
2016/9/1,769.25,771.0200195,764.2999878,768.7800293,768.7800293,925100
2016/9/2,773.0100098,773.9199829,768.4099731,771.460022,771.460022,1072700
2016/9/6,773.4500122,782,771,780.0800171,780.0800171,1442800
2016/9/7,780,782.7299805,776.2000122,780.3499756,780.3499756,893700
2016/9/8,778.5900269,780.3499756,773.5800171,775.3200073,775.3200073,1270300
2016/9/9,770.0999756,773.2449951,759.6599731,759.6599731,759.6599731,1885500
2016/9/12,755.1300049,770.289978,754,769.0200195,769.0200195,1311000
2016/9/13,764.4799805,766.2199707,755.7999878,759.6900024,759.6900024,1395000
2016/9/14,759.6099854,767.6799927,759.1099854,762.4899902,762.4899902,1087400
2016/9/15,762.8900146,773.7999878,759.960022,771.7600098,771.7600098,1305100
2016/9/16,769.75,769.75,764.6599731,768.8800049,768.8800049,2049300
2016/9/19,772.4199829,774,764.440979,765.7000122,765.7000122,1172800
2016/9/20,769,773.3300171,768.5300293,771.4099731,771.4099731,978600
2016/9/21,772.6599731,777.1599731,768.3010254,776.2199707,776.2199707,1167800
2016/9/22,780,789.8499756,778.4400024,787.210022,787.210022,1486200
2016/9/23,786.5900269,788.9299927,784.1500244,786.9000244,786.9000244,1411900
2016/9/26,782.7399902,782.7399902,773.0700073,774.210022,774.210022,1533200
2016/9/27,775.5,785.9899902,774.3079834,783.0100098,783.0100098,1153200
2016/9/28,777.8499756,781.8099976,774.9699707,781.5599976,781.5599976,1109800
2016/9/29,781.4400024,785.7999878,774.2319946,775.0100098,775.0100098,1314700
2016/9/30,776.3300171,780.9400024,774.0900269,777.289978,777.289978,1585300
2016/10/3,774.25,776.0650024,769.5,772.5599976,772.5599976,1278800
2016/10/4,776.0300293,778.710022,772.8900146,776.4299927,776.4299927,1201400
2016/10/5,779.3099976,782.0700073,775.6500244,776.4699707,776.4699707,1461200
2016/10/6,779,780.4799805,775.539978,776.8599854,776.8599854,1070700
2016/10/7,779.6599731,779.6599731,770.75,775.0800171,775.0800171,933200
2016/10/10,777.710022,789.3800049,775.8699951,785.9400024,785.9400024,1174900
2016/10/11,786.6599731,792.2800293,780.5800171,783.0700073,783.0700073,1372500
2016/10/12,783.7600098,788.1300049,782.0599976,786.1400146,786.1400146,937400
2016/10/13,781.2199707,781.2199707,773,778.1900024,778.1900024,1365300
2016/10/14,781.6500244,783.9500122,776,778.5300293,778.5300293,852500
2016/10/17,779.7999878,785.8499756,777.5,779.960022,779.960022,1093000
2016/10/18,787.8499756,801.6099854,785.5650024,795.2600098,795.2600098,2056900
2016/10/19,798.2399902,804.5999756,798.0300293,801.5,801.5,1766800
2016/10/20,803.2999878,803.9699707,796.0300293,796.9699707,796.9699707,1757500
2016/10/21,795,799.5,794,799.3699951,799.3699951,1266200
2016/10/24,804.9000244,815.1799927,804.8200073,813.1099854,813.1099854,1697500
2016/10/25,816.6799927,816.6799927,805.1400146,807.6699829,807.6699829,1576400
2016/10/26,806.3400269,806.9799805,796.3200073,799.0700073,799.0700073,1647700
2016/10/27,801,803.4899902,791.5,795.3499756,795.3499756,2749200
2016/10/28,808.3499756,815.4899902,793.5900269,795.3699951,795.3699951,4269900
2016/10/31,795.4699707,796.8599854,784,784.539978,784.539978,2427300
2016/11/1,782.8900146,789.4899902,775.539978,783.6099854,783.6099854,2406400
2016/11/2,778.2000122,781.6500244,763.4500122,768.7000122,768.7000122,1872400
2016/11/3,767.25,769.9500122,759.0300293,762.1300049,762.1300049,1943200
2016/11/4,750.6599731,770.3599854,750.5609741,762.0200195,762.0200195,2134800
2016/11/7,774.5,785.1900024,772.5499878,782.5200195,782.5200195,1585100
2016/11/8,783.4000244,795.6329956,780.1900024,790.5100098,790.5100098,1366900
2016/11/9,779.9400024,791.2269897,771.6699829,785.3099976,785.3099976,2607100
2016/11/10,791.1699829,791.1699829,752.1799927,762.5599976,762.5599976,4745200
2016/11/11,756.539978,760.7800293,750.3800049,754.0200195,754.0200195,2431800
2016/11/14,755.5999756,757.8499756,727.539978,736.0800171,736.0800171,3654400
2016/11/15,746.9699707,764.4160156,746.9699707,758.4899902,758.4899902,2384000
2016/11/16,755.2000122,766.3599854,750.5100098,764.4799805,764.4799805,1472600
2016/11/17,766.9199829,772.7000122,764.2299805,771.2299805,771.2299805,1304000
2016/11/18,771.3699951,775,760,760.539978,760.539978,1547100
2016/11/21,762.6099854,769.7000122,760.5999756,769.2000122,769.2000122,1330600
2016/11/22,772.6300049,776.960022,767,768.2700195,768.2700195,1593100
2016/11/23,767.7299805,768.28302,755.25,760.9899902,760.9899902,1478400
2016/11/25,764.2600098,765,760.5200195,761.6799927,761.6799927,587400
2016/11/28,760,779.5300293,759.7999878,768.2399902,768.2399902,2188200
2016/11/29,771.5300293,778.5,768.2399902,770.8400269,770.8400269,1616600
2016/11/30,770.0700073,772.9899902,754.8300171,758.039978,758.039978,2392900
2016/12/1,757.4400024,759.8499756,737.0250244,747.9199829,747.9199829,3017900
2016/12/2,744.5900269,754,743.0999756,750.5,750.5,1452500
2016/12/5,757.710022,763.9000244,752.9000244,762.5200195,762.5200195,1394200
2016/12/6,764.7299805,768.8300171,757.3400269,759.1099854,759.1099854,1690700
2016/12/7,761,771.3599854,755.7999878,771.1900024,771.1900024,1761000
2016/12/8,772.4799805,778.1799927,767.2299805,776.4199829,776.4199829,1488100
2016/12/9,780,789.4299927,779.0209961,789.289978,789.289978,1821900
2016/12/12,785.039978,791.25,784.3549805,789.2700195,789.2700195,2104100
2016/12/13,793.9000244,804.3800049,793.3400269,796.0999756,796.0999756,2145200
2016/12/14,797.4000244,804,794.0100098,797.0700073,797.0700073,1704200
2016/12/15,797.3400269,803,792.9199829,797.8499756,797.8499756,1626500
2016/12/16,800.4000244,800.8560181,790.289978,790.7999878,790.7999878,2443800
2016/12/19,790.2199707,797.6599731,786.2700195,794.2000122,794.2000122,1232100
2016/12/20,796.7600098,798.6500244,793.2700195,796.4199829,796.4199829,951000
2016/12/21,795.8400269,796.6760254,787.0999756,794.5599976,794.5599976,1211300
2016/12/22,792.3599854,793.3200073,788.5800171,791.2600098,791.2600098,972200
2016/12/23,790.9000244,792.7399902,787.2800293,789.9099731,789.9099731,623400
2016/12/27,790.6799927,797.8599854,787.6569824,791.5499878,791.5499878,789100
2016/12/28,793.7000122,794.2299805,783.2000122,785.0499878,785.0499878,1153800
2016/12/29,783.3300171,785.9299927,778.9199829,782.789978,782.789978,744300
2016/12/30,782.75,782.7800293,770.4099731,771.8200073,771.8200073,1770000
2017/1/3,778.8099976,789.6300049,775.7999878,786.1400146,786.1400146,1657300
2017/1/4,788.3599854,791.3400269,783.1599731,786.9000244,786.9000244,1073000
2017/1/5,786.0800171,794.4799805,785.0200195,794.0200195,794.0200195,1335200
2017/1/6,795.2600098,807.9000244,792.2039795,806.1500244,806.1500244,1640200
2017/1/9,806.4000244,809.9660034,802.8300171,806.6500244,806.6500244,1274600
2017/1/10,807.8599854,809.1300049,803.5100098,804.789978,804.789978,1176800
2017/1/11,805,808.1500244,801.3699951,807.9099731,807.9099731,1065900
2017/1/12,807.1400146,807.3900146,799.1699829,806.3599854,806.3599854,1353100
2017/1/13,807.4799805,811.223999,806.6900024,807.8800049,807.8800049,1099200
2017/1/17,807.0800171,807.1400146,800.3699951,804.6099854,804.6099854,1362100
2017/1/18,805.8099976,806.2050171,800.9899902,806.0700073,806.0700073,1294400
2017/1/19,805.1199951,809.4799805,801.7999878,802.1749878,802.1749878,919300
2017/1/20,806.9099731,806.9099731,801.6900024,805.0200195,805.0200195,1670000
2017/1/23,807.25,820.8699951,803.7399902,819.3099976,819.3099976,1963600
2017/1/24,822.2999878,825.9000244,817.8209839,823.8699951,823.8699951,1474000
2017/1/25,829.6199951,835.7700195,825.0599976,835.6699829,835.6699829,1494500
2017/1/26,837.8099976,838,827.0100098,832.1500244,832.1500244,2973900
2017/1/27,834.710022,841.9500122,820.4400024,823.3099976,823.3099976,2965800
2017/1/30,814.6599731,815.8400269,799.7999878,802.3200073,802.3200073,3246600
2017/1/31,796.8599854,801.25,790.5200195,796.789978,796.789978,2160600
2017/2/1,799.6799927,801.1900024,791.1900024,795.6950073,795.6950073,2029700
2017/2/2,793.7999878,802.7000122,792,798.5300293,798.5300293,1532100
2017/2/3,802.9899902,806,800.3699951,801.4899902,801.4899902,1463400
2017/2/6,799.7000122,801.6699829,795.25,801.3400269,801.3400269,1184500
2017/2/7,803.9899902,810.5,801.7800293,806.9699707,806.9699707,1241200
2017/2/8,807,811.8400269,803.1900024,808.3800049,808.3800049,1155300
2017/2/9,809.5100098,810.6599731,804.539978,809.5599976,809.5599976,989700
2017/2/10,811.7000122,815.25,809.7800293,813.6699829,813.6699829,1135000
2017/2/13,816,820.9589844,815.4899902,819.2399902,819.2399902,1213300
2017/2/14,819,823,816,820.4500122,820.4500122,1054700
2017/2/15,819.3599854,823,818.4699707,818.9799805,818.9799805,1313600
2017/2/16,819.9299927,824.4000244,818.9799805,824.1599731,824.1599731,1287600
2017/2/17,823.0200195,828.0700073,821.6550293,828.0700073,828.0700073,1611000
2017/2/21,828.6599731,833.4500122,828.3499756,831.6599731,831.6599731,1262300
2017/2/22,828.6599731,833.25,828.6400146,830.7600098,830.7600098,982900
2017/2/23,830.1199951,832.460022,822.8800049,831.3300171,831.3300171,1472800
2017/2/24,827.7299805,829,824.2000122,828.6400146,828.6400146,1392200
2017/2/27,824.5499878,830.5,824,829.2800293,829.2800293,1101500
2017/2/28,825.6099854,828.539978,820.2000122,823.210022,823.210022,2260800
2017/3/1,828.8499756,836.2550049,827.2600098,835.2399902,835.2399902,1496500
2017/3/2,833.8499756,834.5100098,829.6400146,830.6300049,830.6300049,942500
2017/3/3,830.5599976,831.3599854,825.7509766,829.0800171,829.0800171,896400
2017/3/6,826.9500122,828.8800049,822.4000244,827.7800293,827.7800293,1109000
2017/3/7,827.4000244,833.4099731,826.5200195,831.9099731,831.9099731,1037600
2017/3/8,833.5100098,838.1500244,831.789978,835.3699951,835.3699951,989800
2017/3/9,836,842,834.210022,838.6799927,838.6799927,1261500
2017/3/10,843.2800293,844.9099731,839.5,843.25,843.25,1704000
2017/3/13,844,848.6849976,843.25,845.539978,845.539978,1223600
2017/3/14,843.6400146,847.2399902,840.7999878,845.6199951,845.6199951,779900
2017/3/15,847.5900269,848.6300049,840.7700195,847.2000122,847.2000122,1381500
2017/3/16,849.0300293,850.8499756,846.1300049,848.7800293,848.7800293,977600
2017/3/17,851.6099854,853.4000244,847.1099854,852.1199951,852.1199951,1712300
2017/3/20,850.0100098,850.2199707,845.1500244,848.4000244,848.4000244,1231500
2017/3/21,851.4000244,853.5,829.0200195,830.460022,830.460022,2463500
2017/3/22,831.9099731,835.5499878,827.1799927,829.5900269,829.5900269,1401500
2017/3/23,821,822.5700073,812.257019,817.5800171,817.5800171,3487100
2017/3/24,820.0800171,821.9299927,808.8900146,814.4299927,814.4299927,1981000
2017/3/27,806.9500122,821.6300049,803.3699951,819.5100098,819.5100098,1894300
2017/3/28,820.4099731,825.9899902,814.0269775,820.9199829,820.9199829,1620500
2017/3/29,825,832.7650146,822.3800049,831.4099731,831.4099731,1786300
2017/3/30,833.5,833.6799927,829,831.5,831.5,1055300
2017/3/31,828.9699707,831.6400146,827.3900146,829.5599976,829.5599976,1401900
2017/4/3,829.2199707,840.8499756,829.2199707,838.5499878,838.5499878,1671500
2017/4/4,831.3599854,835.1799927,829.0360107,834.5700073,834.5700073,1045400
2017/4/5,835.5100098,842.4500122,830.7199707,831.4099731,831.4099731,1555300
2017/4/6,832.4000244,836.3900146,826.460022,827.8800049,827.8800049,1254400
2017/4/7,827.960022,828.4849854,820.5130005,824.6699829,824.6699829,1057300
2017/4/10,825.3900146,829.3499756,823.7700195,824.7299805,824.7299805,978900
2017/4/11,824.710022,827.427002,817.0200195,823.3499756,823.3499756,1079700
2017/4/12,821.9299927,826.6599731,821.0200195,824.3200073,824.3200073,900500
2017/4/13,822.1400146,826.3800049,821.4400024,823.5599976,823.5599976,1122400
2017/4/17,825.0100098,837.75,824.4699707,837.1699829,837.1699829,895000
2017/4/18,834.2199707,838.9299927,832.710022,836.8200073,836.8200073,836700
2017/4/19,839.789978,842.2199707,836.289978,838.210022,838.210022,954200
2017/4/20,841.4400024,845.2000122,839.3200073,841.6500244,841.6500244,959000
2017/4/21,842.8800049,843.8800049,840.5999756,843.1900024,843.1900024,1323600
2017/4/24,851.2000122,863.4500122,849.8599854,862.7600098,862.7600098,1372500
2017/4/25,865,875,862.8099976,872.2999878,872.2999878,1672000
2017/4/26,874.2299805,876.0499878,867.7479858,871.7299805,871.7299805,1237200
2017/4/27,873.5999756,875.4000244,870.3800049,874.25,874.25,2026800
2017/4/28,910.6599731,916.8499756,905.7700195,905.960022,905.960022,3276300
2017/5/1,901.9400024,915.6799927,901.4500122,912.5700073,912.5700073,2116000
2017/5/2,909.6199951,920.7700195,909.4530029,916.4400024,916.4400024,1587200
2017/5/3,914.8599854,928.0999756,912.5430298,927.039978,927.039978,1499500
2017/5/4,926.0700073,935.9299927,924.5900269,931.6599731,931.6599731,1422100
2017/5/5,933.539978,934.9000244,925.2000122,927.1300049,927.1300049,1911300
2017/5/8,926.1199951,936.9249878,925.2600098,934.2999878,934.2999878,1329800
2017/5/9,936.9500122,937.5,929.5300293,932.1699829,932.1699829,1581800
2017/5/10,931.9799805,932,925.1599731,928.7800293,928.7800293,1173900
2017/5/11,925.3200073,932.5300293,923.0300293,930.5999756,930.5999756,835000
2017/5/12,931.5300293,933.4400024,927.8499756,932.2199707,932.2199707,1050600
2017/5/15,932.9500122,938.25,929.3400269,937.0800171,937.0800171,1108100
2017/5/16,940,943.1099854,937.5800171,943,943,969500
2017/5/17,935.6699829,939.3330078,918.1400146,919.6199951,919.6199951,2362100
2017/5/18,921,933.1699829,918.75,930.2399902,930.2399902,1596900
2017/5/19,931.4699707,937.7550049,931,934.0100098,934.0100098,1393000
2017/5/22,935,941.8829956,935,941.8599854,941.8599854,1120400
2017/5/23,947.9199829,951.46698,942.5750122,948.8200073,948.8200073,1270800
2017/5/24,952.9799805,955.0900269,949.5,954.960022,954.960022,1024800
2017/5/25,957.3300171,972.6290283,955.4699707,969.539978,969.539978,1660500
2017/5/26,969.7000122,974.9799805,965.0300293,971.4699707,971.4699707,1252000
2017/5/30,970.3099976,976.2000122,969.4899902,975.8800049,975.8800049,1466700
2017/5/31,975.0200195,979.2700195,960.1799927,964.8599854,964.8599854,2448100
2017/6/1,968.9500122,971.5,960.0100098,966.9500122,966.9500122,1410500
2017/6/2,969.460022,975.8800049,966,975.5999756,975.5999756,1751000
2017/6/5,976.5499878,986.9099731,975.0999756,983.6799927,983.6799927,1252100
2017/6/6,983.1599731,988.25,975.1400146,976.5700073,976.5700073,1814600
2017/6/7,980,983.9799805,975.9400024,980.9400024,980.9400024,1453900
2017/6/8,982.3499756,984.5700073,977.2000122,983.4099731,983.4099731,1481900
2017/6/9,984.5,984.5,935.6300049,949.8300171,949.8300171,3309400
2017/6/12,939.5599976,949.3549805,915.2329712,942.9000244,942.9000244,3763500
2017/6/13,951.9099731,959.9799805,944.0900269,953.4000244,953.4000244,2013300
2017/6/14,959.9199829,961.1500244,942.25,950.7600098,950.7600098,1489700
2017/6/15,933.9699707,943.3389893,924.4400024,942.3099976,942.3099976,2133100
2017/6/16,940,942.039978,931.5949707,939.7800293,939.7800293,3094700
2017/6/19,949.960022,959.9899902,949.0499878,957.3699951,957.3699951,1533300
2017/6/20,957.5200195,961.6199951,950.0100098,950.6300049,950.6300049,1126000
2017/6/21,953.6400146,960.0999756,950.7600098,959.4500122,959.4500122,1202200
2017/6/22,958.7000122,960.7199707,954.5499878,957.0900269,957.0900269,941400
2017/6/23,956.8300171,966,954.2000122,965.5900269,965.5900269,1527900
2017/6/26,969.9000244,973.3099976,950.789978,952.2700195,952.2700195,1598400
2017/6/27,942.460022,948.289978,926.8499756,927.3300171,927.3300171,2579900
2017/6/28,929,942.75,916,940.4899902,940.4899902,2721400
2017/6/29,929.9199829,931.2600098,910.6199951,917.789978,917.789978,3299200
2017/6/30,926.0499878,926.0499878,908.3099976,908.7299805,908.7299805,2090200
2017/7/3,912.1799927,913.9400024,894.789978,898.7000122,898.7000122,1709800
2017/7/5,901.7600098,914.5100098,898.5,911.710022,911.710022,1813900
2017/7/6,904.1199951,914.9439697,899.7000122,906.6900024,906.6900024,1424500
2017/7/7,908.8499756,921.539978,908.8499756,918.5900269,918.5900269,1637800
2017/7/10,921.7700195,930.3800049,919.5900269,928.7999878,928.7999878,1192800
2017/7/11,929.539978,931.4299927,922,930.0900269,930.0900269,1113200
2017/7/12,938.6799927,946.2999878,934.4699707,943.8300171,943.8300171,1532100
2017/7/13,946.289978,954.4500122,943.0100098,947.1599731,947.1599731,1294700
2017/7/14,952,956.9099731,948.0050049,955.9899902,955.9899902,1053800
2017/7/17,957,960.7399902,949.2410278,953.4199829,953.4199829,1165500
2017/7/18,953,968.039978,950.5999756,965.4000244,965.4000244,1154000
2017/7/19,967.8400269,973.039978,964.0300293,970.8900146,970.8900146,1224500
2017/7/20,975,975.9000244,961.5100098,968.1500244,968.1500244,1624500
2017/7/21,962.25,973.2299805,960.1500244,972.9199829,972.9199829,1711000
2017/7/24,972.2199707,986.2000122,970.7700195,980.3400269,980.3400269,3248300
2017/7/25,953.8099976,959.7000122,945.4000244,950.7000122,950.7000122,4661000
2017/7/26,954.6799927,955,942.2789917,947.7999878,947.7999878,2088300
2017/7/27,951.7800293,951.7800293,920,934.0900269,934.0900269,3213000
2017/7/28,929.4000244,943.8300171,927.5,941.5300293,941.5300293,1846400
2017/7/31,941.8900146,943.5900269,926.039978,930.5,930.5,1970100
2017/8/1,932.3800049,937.4470215,929.2600098,930.8300171,930.8300171,1277700
2017/8/2,928.6099854,932.5999756,916.6799927,930.3900146,930.3900146,1824400
2017/8/3,930.3400269,932.2399902,922.2399902,923.6500244,923.6500244,1202500
2017/8/4,926.75,930.3070068,923.0300293,927.960022,927.960022,1082300
2017/8/7,929.0599976,931.7000122,926.5,929.3599854,929.3599854,1032200
2017/8/8,927.0900269,935.8140259,925.6099854,926.789978,926.789978,1061600
2017/8/9,920.6099854,925.9799805,917.25,922.9000244,922.9000244,1192100
2017/8/10,917.5499878,919.2600098,906.1300049,907.2399902,907.2399902,1824000
2017/8/11,907.9699707,917.7800293,905.5800171,914.3900146,914.3900146,1206800
2017/8/14,922.5300293,924.6680298,918.1900024,922.6699829,922.6699829,1064500
2017/8/15,924.2299805,926.5499878,919.8200073,922.2199707,922.2199707,883400
2017/8/16,925.289978,932.7000122,923.4450073,926.960022,926.960022,1006700
2017/8/17,925.7800293,926.8599854,910.9799805,910.9799805,910.9799805,1277200
2017/8/18,910.3099976,915.2750244,907.1539917,910.6699829,910.6699829,1342700
2017/8/21,910,913,903.4000244,906.6599731,906.6599731,943400
2017/8/22,912.7199707,925.8599854,911.4749756,924.6900024,924.6900024,1166700
2017/8/23,921.9299927,929.9299927,919.3599854,927,927,1090200
2017/8/24,928.6599731,930.8400269,915.5,921.2800293,921.2800293,1270300
2017/8/25,923.4899902,925.5549927,915.5,915.8900146,915.8900146,1053400
2017/8/28,916,919.2449951,911.8699951,913.8099976,913.8099976,1086500
2017/8/29,905.0999756,923.3300171,905,921.289978,921.289978,1185600
2017/8/30,920.0499878,930.8189697,919.6500244,929.5700073,929.5700073,1301200
2017/8/31,931.7600098,941.9799805,931.7600098,939.3300171,939.3300171,1582600
2017/9/1,941.1300049,942.4799805,935.1500244,937.3400269,937.3400269,947400
2017/9/5,933.0800171,937,921.960022,928.4500122,928.4500122,1326400
2017/9/6,930.1500244,930.914978,919.2700195,927.8099976,927.8099976,1527700
2017/9/7,931.7299805,936.4099731,923.6199951,935.9500122,935.9500122,1212700
2017/9/8,936.4899902,936.9899902,924.8800049,926.5,926.5,1011500
2017/9/11,934.25,938.3800049,926.9199829,929.0800171,929.0800171,1267000
2017/9/12,932.5900269,933.4799805,923.8610229,932.0700073,932.0700073,1134400
2017/9/13,930.6599731,937.25,929.8599854,935.0900269,935.0900269,1102600
2017/9/14,931.25,932.7700195,924,925.1099854,925.1099854,1397600
2017/9/15,924.6599731,926.4899902,916.3599854,920.289978,920.289978,2505400
2017/9/18,920.0100098,922.0800171,910.5999756,915,915,1306900
2017/9/19,917.4199829,922.4199829,912.5499878,921.8099976,921.8099976,936700
2017/9/20,922.9799805,933.8800049,922,931.5800171,931.5800171,1669800
2017/9/21,933,936.5300293,923.8300171,932.4500122,932.4500122,1290600
2017/9/22,927.75,934.7299805,926.4799805,928.5300293,928.5300293,1052700
2017/9/25,925.4500122,926.4000244,909.7000122,920.9699707,920.9699707,1856800
2017/9/26,923.7199707,930.8200073,921.1400146,924.8599854,924.8599854,1666900
2017/9/27,927.7399902,949.9000244,927.7399902,944.4899902,944.4899902,2239400
2017/9/28,941.3599854,950.6900024,940.5499878,949.5,949.5,1020300
2017/9/29,952,959.7860107,951.5100098,959.1099854,959.1099854,1581000
2017/10/2,959.9799805,962.539978,947.8400269,953.2700195,953.2700195,1283400
2017/10/3,954,958,949.1400146,957.789978,957.789978,888300
2017/10/4,957,960.3900146,950.6900024,951.6799927,951.6799927,952400
2017/10/5,955.4899902,970.9099731,955.1799927,969.960022,969.960022,1213800
2017/10/6,966.7000122,979.460022,963.3599854,978.8900146,978.8900146,1173900
2017/10/9,980,985.4249878,976.1099854,977,977,891400
2017/10/10,980,981.5700073,966.0800171,972.5999756,972.5999756,968400
2017/10/11,973.7199707,990.710022,972.25,989.25,989.25,1693300
2017/10/12,987.4500122,994.1199951,985,987.8300171,987.8300171,1262400
2017/10/13,992,997.210022,989,989.6799927,989.6799927,1169800
2017/10/16,992.0999756,993.9069824,984,992,992,910500
2017/10/17,990.289978,996.4400024,988.5900269,992.1799927,992.1799927,1290200
2017/10/18,991.7700195,996.7199707,986.9749756,992.8099976,992.8099976,1057600
2017/10/19,986,988.8800049,978.3900146,984.4500122,984.4500122,1313600
2017/10/20,989.4400024,991,984.5800171,988.2000122,988.2000122,1183200
2017/10/23,989.5200195,989.5200195,966.1199951,968.4500122,968.4500122,1478400
2017/10/24,970,972.2299805,961,970.539978,970.539978,1212200
2017/10/25,968.3699951,976.0900269,960.5200195,973.3300171,973.3300171,1211300
2017/10/26,980,987.5999756,972.2000122,972.5599976,972.5599976,2042100
2017/10/27,1009.190002,1048.390015,1008.200012,1019.27002,1019.27002,5167700
2017/10/30,1014,1024.969971,1007.5,1017.109985,1017.109985,2085100
2017/10/31,1015.219971,1024,1010.419983,1016.640015,1016.640015,1330700
2017/11/1,1017.210022,1029.670044,1016.950012,1025.5,1025.5,1373400
2017/11/2,1021.76001,1028.089966,1013.01001,1025.579956,1025.579956,1049000
2017/11/3,1022.109985,1032.650024,1020.309998,1032.47998,1032.47998,1076400
2017/11/6,1028.98999,1034.869995,1025,1025.900024,1025.900024,1125200
2017/11/7,1027.27002,1033.969971,1025.130005,1033.329956,1033.329956,1112300
2017/11/8,1030.52002,1043.521973,1028.449951,1039.849976,1039.849976,1088700
2017/11/9,1033.98999,1033.98999,1019.666016,1031.26001,1031.26001,1245200
2017/11/10,1026.459961,1030.76001,1025.280029,1028.069946,1028.069946,720000
2017/11/13,1023.419983,1031.579956,1022.570007,1025.75,1025.75,885800
2017/11/14,1022.590027,1026.810059,1014.150024,1026,1026,959200
2017/11/15,1019.210022,1024.089966,1015.419983,1020.909973,1020.909973,854000
2017/11/16,1022.52002,1035.920044,1022.52002,1032.5,1032.5,1129700
2017/11/17,1034.01001,1034.420044,1017.75,1019.090027,1019.090027,1397100
2017/11/20,1020.26001,1022.609985,1017.5,1018.380005,1018.380005,953500
2017/11/21,1023.309998,1035.109985,1022.655029,1034.48999,1034.48999,1097000
2017/11/22,1035,1039.706055,1031.430054,1035.959961,1035.959961,746300
2017/11/24,1035.869995,1043.177979,1035,1040.609985,1040.609985,537000
2017/11/27,1040,1055.459961,1038.439941,1054.209961,1054.209961,1307900
2017/11/28,1055.089966,1062.375,1040,1047.410034,1047.410034,1424400
2017/11/29,1042.680054,1044.079956,1015.650024,1021.659973,1021.659973,2459400
2017/11/30,1022.369995,1028.48999,1015,1021.409973,1021.409973,1724000
2017/12/1,1015.799988,1022.48999,1002.02002,1010.169983,1010.169983,1909600
2017/12/4,1012.659973,1016.099976,995.5700073,998.6799927,998.6799927,1906400
2017/12/5,995.9400024,1020.609985,988.2800293,1005.150024,1005.150024,2067300
2017/12/6,1001.5,1024.969971,1001.140015,1018.380005,1018.380005,1272000
2017/12/7,1020.429993,1034.23999,1018.070984,1030.930054,1030.930054,1458200
2017/12/8,1037.48999,1042.050049,1032.521973,1037.050049,1037.050049,1290800
2017/12/11,1035.5,1043.800049,1032.050049,1041.099976,1041.099976,1192800
2017/12/12,1039.630005,1050.310059,1033.689941,1040.47998,1040.47998,1279500
2017/12/13,1046.119995,1046.665039,1038.380005,1040.609985,1040.609985,1282700
2017/12/14,1045,1058.5,1043.109985,1049.150024,1049.150024,1558700
2017/12/15,1054.609985,1067.619995,1049.5,1064.189941,1064.189941,3275900
2017/12/18,1066.079956,1078.48999,1062,1077.140015,1077.140015,1554600
2017/12/19,1075.199951,1076.839966,1063.550049,1070.680054,1070.680054,1338700
2017/12/20,1071.780029,1073.380005,1061.52002,1064.949951,1064.949951,1268600
2017/12/21,1064.949951,1069.329956,1061.793945,1063.630005,1063.630005,995700
2017/12/22,1061.109985,1064.199951,1059.439941,1060.119995,1060.119995,755100
2017/12/26,1058.069946,1060.119995,1050.199951,1056.73999,1056.73999,760600
2017/12/27,1057.390015,1058.369995,1048.050049,1049.369995,1049.369995,1271900
2017/12/28,1051.599976,1054.75,1044.77002,1048.140015,1048.140015,837100
2017/12/29,1046.719971,1049.699951,1044.900024,1046.400024,1046.400024,887500
2018/1/2,1048.339966,1066.939941,1045.22998,1065,1065,1237600
2018/1/3,1064.310059,1086.290039,1063.209961,1082.47998,1082.47998,1430200
2018/1/4,1088,1093.569946,1084.001953,1086.400024,1086.400024,1004600
2018/1/5,1094,1104.25,1092,1102.22998,1102.22998,1279100
2018/1/8,1102.22998,1111.27002,1101.619995,1106.939941,1106.939941,1047600
2018/1/9,1109.400024,1110.569946,1101.230957,1106.26001,1106.26001,902500
2018/1/10,1097.099976,1104.599976,1096.109985,1102.609985,1102.609985,1042800
2018/1/11,1106.300049,1106.525024,1099.589966,1105.52002,1105.52002,978300
2018/1/12,1102.410034,1124.290039,1101.150024,1122.26001,1122.26001,1720500
2018/1/16,1132.51001,1139.910034,1117.832031,1121.76001,1121.76001,1575300
2018/1/17,1126.219971,1132.599976,1117.01001,1131.97998,1131.97998,1202600
2018/1/18,1131.410034,1132.51001,1117.5,1129.790039,1129.790039,1198200
2018/1/19,1131.829956,1137.859985,1128.300049,1137.51001,1137.51001,1778200
2018/1/22,1137.48999,1159.880005,1135.109985,1155.810059,1155.810059,1618000
2018/1/23,1159.849976,1171.626953,1158.75,1169.969971,1169.969971,1333100
2018/1/24,1177.329956,1179.859985,1161.050049,1164.23999,1164.23999,1416600
2018/1/25,1172.530029,1175.939941,1162.76001,1170.369995,1170.369995,1480500
2018/1/26,1175.079956,1175.839966,1158.109985,1175.839966,1175.839966,2018800
2018/1/29,1176.47998,1186.890015,1171.97998,1175.579956,1175.579956,1378900
2018/1/30,1167.829956,1176.52002,1163.52002,1163.689941,1163.689941,1556300
2018/1/31,1170.569946,1173,1159.130005,1169.939941,1169.939941,1538700
2018/2/1,1162.609985,1174,1157.52002,1167.699951,1167.699951,2412100
2018/2/2,1122,1123.069946,1107.277954,1111.900024,1111.900024,4857900
2018/2/5,1090.599976,1110,1052.030029,1055.800049,1055.800049,3798300
2018/2/6,1027.180054,1081.709961,1023.137024,1080.599976,1080.599976,3448000
2018/2/7,1081.540039,1081.780029,1048.26001,1048.579956,1048.579956,2369200
2018/2/8,1055.410034,1058.619995,1000.659973,1001.52002,1001.52002,2859100
2018/2/9,1017.25,1043.969971,992.5599976,1037.780029,1037.780029,3505900
2018/2/12,1048,1061.5,1040.927979,1051.939941,1051.939941,2057700
2018/2/13,1045,1058.369995,1044.087036,1052.099976,1052.099976,1265100
2018/2/14,1048.949951,1071.719971,1046.75,1069.699951,1069.699951,1555800
2018/2/15,1079.069946,1091.479004,1064.339966,1089.52002,1089.52002,1843400
2018/2/16,1088.410034,1104.670044,1088.312988,1094.800049,1094.800049,1679500
2018/2/20,1090.569946,1113.949951,1088.52002,1102.459961,1102.459961,1423100
2018/2/21,1106.469971,1133.969971,1106.329956,1111.339966,1111.339966,1512900
2018/2/22,1116.189941,1122.819946,1102.589966,1106.630005,1106.630005,1317200
2018/2/23,1112.640015,1127.280029,1104.713989,1126.790039,1126.790039,1261000
2018/2/26,1127.800049,1143.959961,1126.694946,1143.75,1143.75,1559100
2018/2/27,1141.23999,1144.040039,1118,1118.290039,1118.290039,1774100
2018/2/28,1123.030029,1127.530029,1103.23999,1104.72998,1104.72998,1882600
2018/3/1,1107.869995,1110.119995,1067.000977,1069.52002,1069.52002,2515900
2018/3/2,1053.079956,1081.999023,1048.11499,1078.920044,1078.920044,2271600
2018/3/5,1075.140015,1097.099976,1069,1090.930054,1090.930054,1202200
2018/3/6,1099.219971,1101.849976,1089.775024,1095.060059,1095.060059,1532800
2018/3/7,1089.189941,1112.219971,1085.482056,1109.640015,1109.640015,1292500
2018/3/8,1115.319946,1127.599976,1112.800049,1126,1126,1355100
2018/3/9,1136,1160.800049,1132.46106,1160.040039,1160.040039,2128000
2018/3/12,1163.849976,1177.050049,1157.420044,1164.5,1164.5,2172300
2018/3/13,1170,1176.76001,1133.329956,1138.170044,1138.170044,1907200
2018/3/14,1145.209961,1158.589966,1141.439941,1149.48999,1149.48999,1291400
2018/3/15,1149.959961,1161.079956,1134.540039,1149.579956,1149.579956,1395400
2018/3/16,1154.140015,1155.880005,1131.959961,1135.72998,1135.72998,3092000
2018/3/19,1120.01001,1121.98999,1089.01001,1099.819946,1099.819946,2805900
2018/3/20,1099,1105.199951,1083.459961,1097.709961,1097.709961,1831900
2018/3/21,1092.73999,1106.300049,1085.150024,1090.880005,1090.880005,1878900
2018/3/22,1081.880005,1082.900024,1045.910034,1049.079956,1049.079956,2667000
2018/3/23,1047.030029,1063.359985,1021.219971,1021.570007,1021.570007,2156700
2018/3/26,1046,1055.630005,1008.400024,1053.209961,1053.209961,2665100
2018/3/27,1063,1064.838989,996.9199829,1005.099976,1005.099976,3095300
2018/3/28,998,1024.22998,980.6400146,1004.559998,1004.559998,3369300
2018/3/29,1011.630005,1043,1002.900024,1031.790039,1031.790039,2726800
2018/4/2,1022.820007,1034.800049,990.3699951,1006.469971,1006.469971,2680400
2018/4/3,1013.909973,1020.98999,994.0700073,1013.409973,1013.409973,2275100
2018/4/4,993.4099731,1028.718018,993,1025.140015,1025.140015,2484700
2018/4/5,1041.329956,1042.790039,1020.130981,1027.810059,1027.810059,1363000
2018/4/6,1020,1031.420044,1003.030029,1007.039978,1007.039978,1746400
2018/4/9,1016.799988,1039.599976,1014.080017,1015.450012,1015.450012,1751600
2018/4/10,1026.439941,1036.280029,1011.340027,1031.640015,1031.640015,1974500
2018/4/11,1027.98999,1031.364014,1015.869995,1019.969971,1019.969971,1483900
2018/4/12,1025.040039,1040.689941,1021.434998,1032.51001,1032.51001,1357000
2018/4/13,1040.880005,1046.420044,1022.97998,1029.27002,1029.27002,1223000
2018/4/16,1037,1043.23999,1026.73999,1037.97998,1037.97998,1211200
2018/4/17,1051.369995,1077.880005,1048.26001,1074.160034,1074.160034,2320300
2018/4/18,1077.430054,1077.430054,1066.224976,1072.079956,1072.079956,1344100
2018/4/19,1069.400024,1094.165039,1068.180054,1087.699951,1087.699951,1747700
2018/4/20,1082,1092.349976,1069.569946,1072.959961,1072.959961,1889700
2018/4/23,1077.859985,1082.719971,1060.699951,1067.449951,1067.449951,2341300
2018/4/24,1052,1057,1010.590027,1019.97998,1019.97998,4760300
2018/4/25,1025.52002,1032.48999,1015.309998,1021.179993,1021.179993,2391100
2018/4/26,1029.51001,1047.97998,1018.190002,1040.040039,1040.040039,2079500
2018/4/27,1046,1049.5,1025.589966,1030.050049,1030.050049,1619800
2018/4/30,1030.01001,1037,1016.849976,1017.330017,1017.330017,1671300
2018/5/1,1013.659973,1038.469971,1008.210022,1037.310059,1037.310059,1427900
2018/5/2,1028.099976,1040.389038,1022.869995,1024.380005,1024.380005,1603100
2018/5/3,1019,1029.675049,1006.289978,1023.719971,1023.719971,1815100
2018/5/4,1016.900024,1048.51001,1016.900024,1048.209961,1048.209961,1938700
2018/5/7,1049.22998,1061.680054,1047.099976,1054.790039,1054.790039,1466100
2018/5/8,1058.540039,1060.550049,1047.14502,1053.910034,1053.910034,1217700
2018/5/9,1058.099976,1085.439941,1056.36499,1082.76001,1082.76001,2032800
2018/5/10,1086.030029,1100.439941,1085.640015,1097.569946,1097.569946,1443000
2018/5/11,1093.599976,1101.329956,1090.910034,1098.26001,1098.26001,1253700
2018/5/14,1100,1110.75,1099.109985,1100.199951,1100.199951,1518100
2018/5/15,1090,1090.050049,1073.469971,1079.22998,1079.22998,1494900
2018/5/16,1077.310059,1089.27002,1076.26001,1081.77002,1081.77002,1097300
2018/5/17,1079.890015,1086.869995,1073.5,1078.589966,1078.589966,1043800
2018/5/18,1061.859985,1069.939941,1060.680054,1066.359985,1066.359985,1565200
2018/5/21,1074.060059,1088,1073.650024,1079.579956,1079.579956,1023200
2018/5/22,1083.560059,1086.589966,1066.689941,1069.72998,1069.72998,1090000
2018/5/23,1065.130005,1080.780029,1061.709961,1079.689941,1079.689941,1060700
2018/5/24,1079,1080.469971,1066.150024,1079.23999,1079.23999,766800
2018/5/25,1079.02002,1082.560059,1073.775024,1075.660034,1075.660034,899400
2018/5/29,1064.890015,1073.369995,1055.219971,1060.319946,1060.319946,1865100
2018/5/30,1063.030029,1069.209961,1056.829956,1067.800049,1067.800049,1138500
2018/5/31,1067.560059,1097.189941,1067.560059,1084.98999,1084.98999,3088300
2018/6/1,1099.349976,1120,1098.5,1119.5,1119.5,2421600
2018/6/4,1122.329956,1141.890015,1122.005005,1139.290039,1139.290039,1889600
2018/6/5,1140.98999,1145.738037,1133.189941,1139.660034,1139.660034,1678000
2018/6/6,1142.170044,1143,1125.743042,1136.880005,1136.880005,1698200
2018/6/7,1131.319946,1135.819946,1116.52002,1123.859985,1123.859985,1520000
2018/6/8,1118.180054,1126.670044,1112.150024,1120.869995,1120.869995,1290800
2018/6/11,1118.599976,1137.26001,1118.599976,1129.98999,1129.98999,1079300
2018/6/12,1131.069946,1139.790039,1130.734985,1139.319946,1139.319946,912000
2018/6/13,1141.119995,1146.5,1133.380005,1134.790039,1134.790039,1506400
2018/6/14,1143.849976,1155.469971,1140.640015,1152.119995,1152.119995,1343400
2018/6/15,1148.859985,1153.420044,1143.484985,1152.26001,1152.26001,2122500
2018/6/18,1143.650024,1174.310059,1143.589966,1173.459961,1173.459961,1413700
2018/6/19,1158.5,1171.27002,1154.01001,1168.060059,1168.060059,1621000
2018/6/20,1175.310059,1186.286011,1169.160034,1169.839966,1169.839966,1648500
2018/6/21,1174.849976,1177.295044,1152.232056,1157.660034,1157.660034,1238100
2018/6/22,1159.140015,1162.496948,1147.26001,1155.47998,1155.47998,1311000
2018/6/25,1143.599976,1143.910034,1112.780029,1124.810059,1124.810059,2157300
2018/6/26,1128,1133.209961,1116.659058,1118.459961,1118.459961,1563200
2018/6/27,1121.339966,1131.83606,1103.619995,1103.97998,1103.97998,1293900
2018/6/28,1102.089966,1122.310059,1096.01001,1114.219971,1114.219971,1072400
2018/6/29,1120,1128.227051,1115,1115.650024,1115.650024,1315100
2018/7/2,1099,1128,1093.800049,1127.459961,1127.459961,1217300
2018/7/3,1135.819946,1135.819946,1100.02002,1102.890015,1102.890015,679000
2018/7/5,1110.530029,1127.5,1108.47998,1124.27002,1124.27002,1066700
2018/7/6,1123.579956,1140.930054,1120.737061,1140.170044,1140.170044,996100
2018/7/9,1148.47998,1154.670044,1143.420044,1154.050049,1154.050049,909000
2018/7/10,1156.97998,1159.589966,1149.589966,1152.839966,1152.839966,798400
2018/7/11,1144.589966,1164.290039,1141,1153.900024,1153.900024,1120000
2018/7/12,1159.890015,1184.410034,1155.935059,1183.47998,1183.47998,1251900
2018/7/13,1185,1195.416992,1180,1188.819946,1188.819946,1221900
2018/7/16,1189.390015,1191,1179.280029,1183.859985,1183.859985,1055700
2018/7/17,1172.219971,1203.040039,1170.599976,1198.800049,1198.800049,1610400
2018/7/18,1196.560059,1204.5,1190.339966,1195.880005,1195.880005,1393600
2018/7/19,1191,1200,1183.319946,1186.959961,1186.959961,1276700
2018/7/20,1186.959961,1196.859985,1184.219971,1184.910034,1184.910034,1247400
2018/7/23,1181.01001,1206.48999,1181,1205.5,1205.5,2619200
2018/7/24,1262.589966,1266,1235.560059,1248.079956,1248.079956,3318200
2018/7/25,1239.130005,1265.859985,1239.130005,1263.699951,1263.699951,2127800
2018/7/26,1251,1269.770996,1249.02002,1268.329956,1268.329956,2405600
2018/7/27,1271,1273.890015,1231,1238.5,1238.5,2130600
2018/7/30,1228.01001,1234.916016,1211.469971,1219.73999,1219.73999,1849900
2018/7/31,1220.01001,1227.588013,1205.599976,1217.26001,1217.26001,1644700
2018/8/1,1228,1233.469971,1210.209961,1220.01001,1220.01001,1567200
2018/8/2,1205.900024,1229.880005,1204.790039,1226.150024,1226.150024,1531300
2018/8/3,1229.619995,1230,1215.060059,1223.709961,1223.709961,1089600
2018/8/6,1225,1226.088013,1215.796997,1224.77002,1224.77002,1081700
2018/8/7,1237,1251.170044,1236.170044,1242.219971,1242.219971,1494000
2018/8/8,1240.469971,1256.5,1238.008057,1245.609985,1245.609985,1370300
2018/8/9,1249.900024,1255.541992,1246.01001,1249.099976,1249.099976,848600
2018/8/10,1243,1245.694946,1232,1237.609985,1237.609985,1108700
2018/8/13,1236.97998,1249.272949,1233.640991,1235.01001,1235.01001,997300
2018/8/14,1235.189941,1245.869995,1225.109985,1242.099976,1242.099976,1348100
2018/8/15,1229.26001,1235.23999,1209.51001,1214.380005,1214.380005,1828800
2018/8/16,1224.72998,1226,1202.550049,1206.48999,1206.48999,1343200
2018/8/17,1202.030029,1209.02002,1188.23999,1200.959961,1200.959961,1389600
2018/8/20,1205.02002,1211,1194.625977,1207.77002,1207.77002,870800
2018/8/21,1208,1217.26001,1200.354004,1201.619995,1201.619995,1205600
2018/8/22,1200,1211.839966,1199,1207.329956,1207.329956,887400
2018/8/23,1207.140015,1221.280029,1204.23999,1205.380005,1205.380005,992600
2018/8/24,1208.819946,1221.650024,1206.359009,1220.650024,1220.650024,946600
2018/8/27,1227.599976,1243.089966,1225.715942,1241.819946,1241.819946,1156300
2018/8/28,1241.290039,1242.545044,1228.689941,1231.150024,1231.150024,1304000
2018/8/29,1237.449951,1250.660034,1236.359009,1249.300049,1249.300049,1298900
2018/8/30,1244.22998,1253.63501,1232.589966,1239.119995,1239.119995,1331400
2018/8/31,1234.97998,1238.660034,1211.285034,1218.189941,1218.189941,1816400
2018/9/4,1204.27002,1212.98999,1192.5,1197,1197,1831000
2018/9/5,1193.800049,1199.01001,1162,1186.47998,1186.47998,2061300
2018/9/6,1186.300049,1186.300049,1152,1171.439941,1171.439941,1888500
2018/9/7,1158.670044,1175.26001,1157.214966,1164.829956,1164.829956,1401300
2018/9/10,1172.189941,1174.540039,1160.109985,1164.640015,1164.640015,1115400
2018/9/11,1161.630005,1178.680054,1156.23999,1177.359985,1177.359985,1209300
2018/9/12,1172.719971,1178.609985,1158.359985,1162.819946,1162.819946,1295500
2018/9/13,1170.73999,1178.609985,1162.849976,1175.329956,1175.329956,1431200
2018/9/14,1179.099976,1180.425049,1168.329956,1172.530029,1172.530029,944000
2018/9/17,1170.140015,1177.23999,1154.030029,1156.050049,1156.050049,1306500
2018/9/18,1157.089966,1176.079956,1157.089966,1161.219971,1161.219971,1203600
2018/9/19,1164.97998,1173.209961,1154.579956,1171.089966,1171.089966,1191400
2018/9/20,1179.98999,1189.890015,1173.359985,1186.869995,1186.869995,1225400
2018/9/21,1192,1192.209961,1166.040039,1166.089966,1166.089966,4405600
2018/9/24,1157.170044,1178,1146.910034,1173.369995,1173.369995,1271000
2018/9/25,1176.150024,1186.880005,1168,1184.650024,1184.650024,977700
2018/9/26,1185.150024,1194.22998,1174.765015,1180.48999,1180.48999,1462300
2018/9/27,1186.72998,1202.099976,1183.630005,1194.640015,1194.640015,1260800
2018/9/28,1191.869995,1195.410034,1184.5,1193.469971,1193.469971,1380600
2018/10/1,1199.890015,1209.900024,1190.300049,1195.310059,1195.310059,1357600
2018/10/2,1190.959961,1209.959961,1186.630005,1200.109985,1200.109985,1687900
2018/10/3,1205,1206.410034,1193.829956,1202.949951,1202.949951,1256200
2018/10/4,1195.329956,1197.51001,1155.57605,1168.189941,1168.189941,2209500
2018/10/5,1167.5,1173.5,1145.119995,1157.349976,1157.349976,1184300
2018/10/8,1150.109985,1168,1127.364014,1148.969971,1148.969971,1932400
2018/10/9,1146.150024,1154.349976,1137.572021,1138.819946,1138.819946,1308700
2018/10/10,1131.079956,1132.170044,1081.130005,1081.219971,1081.219971,2675700
2018/10/11,1072.939941,1106.400024,1068.27002,1079.319946,1079.319946,2949000
2018/10/12,1108,1115,1086.401978,1110.079956,1110.079956,2101300
2018/10/15,1108.910034,1113.446045,1089,1092.25,1092.25,1372400
2018/10/16,1104.589966,1124.219971,1102.5,1121.280029,1121.280029,1928500
2018/10/17,1126.459961,1128.98999,1102.189941,1115.689941,1115.689941,1467200
2018/10/18,1121.839966,1121.839966,1077.089966,1087.969971,1087.969971,2094500
2018/10/19,1093.369995,1110.359985,1087.75,1096.459961,1096.459961,1267600
2018/10/22,1103.060059,1112.22998,1091,1101.160034,1101.160034,1514200
2018/10/23,1080.890015,1107.890015,1070,1103.689941,1103.689941,1848700
2018/10/24,1104.25,1106.119995,1048.73999,1050.709961,1050.709961,1982400
2018/10/25,1071.790039,1110.97998,1069.550049,1095.569946,1095.569946,2545800
2018/10/26,1037.030029,1106.530029,1034.089966,1071.469971,1071.469971,4187600
2018/10/29,1082.469971,1097.040039,995.8300171,1020.080017,1020.080017,3880700
2018/10/30,1008.460022,1037.48999,1000.75,1036.209961,1036.209961,3212700
2018/10/31,1059.810059,1091.939941,1057,1076.77002,1076.77002,2529800
2018/11/1,1075.800049,1083.974976,1062.459961,1070,1070,1482000
2018/11/2,1073.72998,1082.974976,1054.609985,1057.790039,1057.790039,1839000
2018/11/5,1055,1058.469971,1021.23999,1040.089966,1040.089966,2441400
2018/11/6,1039.47998,1064.344971,1038.069946,1055.810059,1055.810059,1233300
2018/11/7,1069,1095.459961,1065.900024,1093.390015,1093.390015,2058400
2018/11/8,1091.380005,1093.27002,1072.204956,1082.400024,1082.400024,1488200
2018/11/9,1073.98999,1075.560059,1053.109985,1066.150024,1066.150024,1343200
2018/11/12,1061.390015,1062.119995,1031,1038.630005,1038.630005,1471800
2018/11/13,1043.290039,1056.60498,1031.150024,1036.050049,1036.050049,1513700
2018/11/14,1050,1054.563965,1031,1043.660034,1043.660034,1565900
2018/11/15,1044.709961,1071.849976,1031.780029,1064.709961,1064.709961,1836100
2018/11/16,1059.410034,1067,1048.97998,1061.48999,1061.48999,1658100
2018/11/19,1057.199951,1060.790039,1016.26001,1020,1020,1858600
2018/11/20,1000,1031.73999,996.0200195,1025.76001,1025.76001,2449100
2018/11/21,1036.76001,1048.560059,1033.469971,1037.609985,1037.609985,1534300
2018/11/23,1030,1037.589966,1022.398987,1023.880005,1023.880005,691500
2018/11/26,1038.349976,1049.310059,1033.910034,1048.619995,1048.619995,1942800
2018/11/27,1041,1057.579956,1038.48999,1044.410034,1044.410034,1803200
2018/11/28,1048.76001,1086.839966,1035.76001,1086.22998,1086.22998,2475400
2018/11/29,1076.079956,1094.244995,1076,1088.300049,1088.300049,1468900
2018/11/30,1089.069946,1095.569946,1077.880005,1094.430054,1094.430054,2580200
2018/12/3,1123.140015,1124.650024,1103.665039,1106.430054,1106.430054,1991200
2018/12/4,1103.119995,1104.420044,1049.97998,1050.819946,1050.819946,2345200
2018/12/6,1034.26001,1071.199951,1030.77002,1068.72998,1068.72998,2769200
2018/12/7,1060.01001,1075.26001,1028.5,1036.579956,1036.579956,2101200
2018/12/10,1035.050049,1048.449951,1023.289978,1039.550049,1039.550049,1807700
2018/12/11,1056.48999,1060.599976,1039.839966,1051.75,1051.75,1394700
2018/12/12,1068,1081.650024,1062.790039,1063.680054,1063.680054,1523800
2018/12/13,1068.069946,1079.76001,1053.930054,1061.900024,1061.900024,1329800
2018/12/14,1049.97998,1062.599976,1040.790039,1042.099976,1042.099976,1686600
2018/12/17,1037.51001,1053.150024,1007.900024,1016.530029,1016.530029,2385400
2018/12/18,1026.089966,1049.47998,1021.440002,1028.709961,1028.709961,2192500
2018/12/19,1033.98999,1062,1008.049988,1023.01001,1023.01001,2479300
2018/12/20,1018.130005,1034.219971,996.3599854,1009.409973,1009.409973,2673500
2018/12/21,1015.299988,1024.02002,973.6900024,979.539978,979.539978,4596000
2018/12/24,973.9000244,1003.539978,970.1099854,976.2199707,976.2199707,1590300
2018/12/26,989.0100098,1040,983,1039.459961,1039.459961,2373300
2018/12/27,1017.150024,1043.890015,997,1043.880005,1043.880005,2109800
2018/12/28,1049.619995,1055.560059,1033.099976,1037.079956,1037.079956,1414800
2018/12/31,1050.959961,1052.699951,1023.590027,1035.609985,1035.609985,1493300
2019/1/2,1016.570007,1052.319946,1015.710022,1045.849976,1045.849976,1532600
2019/1/3,1041,1056.97998,1014.070007,1016.059998,1016.059998,1841100
2019/1/4,1032.589966,1070.839966,1027.417969,1070.709961,1070.709961,2093900
2019/1/7,1071.5,1074,1054.76001,1068.390015,1068.390015,1981900
2019/1/8,1076.109985,1084.560059,1060.530029,1076.280029,1076.280029,1764900
2019/1/9,1081.650024,1082.630005,1066.400024,1074.660034,1074.660034,1199300
2019/1/10,1067.660034,1071.150024,1057.709961,1070.329956,1070.329956,1456400
2019/1/11,1063.180054,1063.775024,1048.47998,1057.189941,1057.189941,1520800
2019/1/14,1046.920044,1051.530029,1041.255005,1044.689941,1044.689941,1144300
2019/1/15,1050.170044,1080.050049,1047.339966,1077.150024,1077.150024,1463600
2019/1/16,1080,1092.375,1079.339966,1080.969971,1080.969971,1331800
2019/1/17,1079.469971,1091.800049,1073.5,1089.900024,1089.900024,1242700
2019/1/18,1100,1108.352051,1090.900024,1098.26001,1098.26001,1955600
2019/1/22,1088,1091.51001,1063.469971,1070.52002,1070.52002,1613500
2019/1/23,1077.349976,1084.930054,1059.75,1075.569946,1075.569946,967000
2019/1/24,1076.47998,1079.474976,1060.699951,1073.900024,1073.900024,1361300
2019/1/25,1085,1094,1081.819946,1090.98999,1090.98999,1119100
2019/1/28,1080.109985,1083,1063.800049,1070.079956,1070.079956,1284300
2019/1/29,1072.680054,1075.150024,1055.86499,1060.619995,1060.619995,1021800
2019/1/30,1068.430054,1091,1066.849976,1089.060059,1089.060059,1279800
2019/1/31,1103,1117.329956,1095.410034,1116.369995,1116.369995,1538300
2019/2/1,1112.400024,1125,1104.890015,1110.75,1110.75,1462200
2019/2/4,1112.660034,1132.800049,1109.02002,1132.800049,1132.800049,2576500
2019/2/5,1124.839966,1146.849976,1117.248047,1145.98999,1145.98999,3552200
2019/2/6,1139.569946,1147,1112.77002,1115.22998,1115.22998,2105600
2019/2/7,1104.160034,1104.839966,1086,1098.709961,1098.709961,2044800
2019/2/8,1087,1098.910034,1086.550049,1095.060059,1095.060059,1075800
2019/2/11,1096.949951,1105.944946,1092.859985,1095.01001,1095.01001,1065200
2019/2/12,1106.800049,1125.295044,1105.849976,1121.369995,1121.369995,1609100
2019/2/13,1124.98999,1134.72998,1118.5,1120.160034,1120.160034,1049800
2019/2/14,1118.050049,1128.22998,1110.444946,1121.670044,1121.670044,947600
2019/2/15,1130.079956,1131.670044,1110.650024,1113.650024,1113.650024,1449800
2019/2/19,1110,1121.890015,1110,1118.560059,1118.560059,1046400
2019/2/20,1119.98999,1123.410034,1105.280029,1113.800049,1113.800049,1087800
2019/2/21,1110.839966,1111.939941,1092.52002,1096.969971,1096.969971,1415100
2019/2/22,1100.900024,1111.23999,1095.599976,1110.369995,1110.369995,1049500
2019/2/25,1116,1118.540039,1107.27002,1109.400024,1109.400024,1413100
2019/2/26,1105.75,1119.51001,1099.920044,1115.130005,1115.130005,1471300
2019/2/27,1106.949951,1117.97998,1101,1116.050049,1116.050049,968400
2019/2/28,1111.300049,1127.650024,1111.01001,1119.920044,1119.920044,1542500
2019/3/1,1124.900024,1142.969971,1124.75,1140.98999,1140.98999,1450300
2019/3/4,1146.98999,1158.280029,1130.689941,1147.800049,1147.800049,1446000
2019/3/5,1150.060059,1169.609985,1146.194946,1162.030029,1162.030029,1443200
2019/3/6,1162.48999,1167.56604,1155.48999,1157.859985,1157.859985,1099300
2019/3/7,1155.719971,1156.755005,1134.910034,1143.300049,1143.300049,1166600
2019/3/8,1126.72998,1147.079956,1123.300049,1142.319946,1142.319946,1212400
2019/3/11,1144.449951,1176.189941,1144.449951,1175.76001,1175.76001,1719200
2019/3/12,1178.26001,1200,1178.26001,1193.199951,1193.199951,2013100
2019/3/13,1200.64502,1200.930054,1191.939941,1193.319946,1193.319946,1435900
2019/3/14,1194.51001,1197.880005,1184.47998,1185.550049,1185.550049,1172800
2019/3/15,1193.380005,1196.569946,1182.609985,1184.459961,1184.459961,2461800
2019/3/18,1183.300049,1190,1177.421021,1184.26001,1184.26001,1292600
2019/3/19,1188.810059,1200,1185.869995,1198.849976,1198.849976,1520700
2019/3/20,1197.349976,1227.140015,1196.170044,1223.969971,1223.969971,2227400
2019/3/21,1216,1231.790039,1213.150024,1231.540039,1231.540039,1204000
2019/3/22,1226.319946,1230,1202.824951,1205.5,1205.5,1714200
2019/3/25,1196.930054,1206.397949,1187.040039,1193,1193,1496800
2019/3/26,1198.530029,1202.829956,1176.719971,1184.619995,1184.619995,1901200
2019/3/27,1185.5,1187.55896,1159.369995,1173.02002,1173.02002,1400200
2019/3/28,1171.540039,1171.564941,1159.43103,1168.48999,1168.48999,961700
2019/3/29,1174.900024,1178.98999,1162.880005,1173.310059,1173.310059,1269900
2019/4/1,1184.099976,1196.660034,1182,1194.430054,1194.430054,1252500
2019/4/2,1195.319946,1201.349976,1185.709961,1200.48999,1200.48999,827900
2019/4/3,1207.47998,1216.300049,1200.5,1205.920044,1205.920044,1014300
2019/4/4,1205.939941,1215.670044,1204.130005,1215,1215,950000
2019/4/5,1214.98999,1216.219971,1205.030029,1207.150024,1207.150024,907200
2019/4/8,1207.890015,1208.689941,1199.859985,1203.839966,1203.839966,860200
2019/4/9,1196,1202.290039,1193.079956,1197.25,1197.25,876400
2019/4/10,1200.680054,1203.785034,1196.435059,1202.160034,1202.160034,724600
2019/4/11,1203.959961,1207.959961,1200.130005,1204.619995,1204.619995,710200
2019/4/12,1210,1218.349976,1208.109985,1217.869995,1217.869995,933400
2019/4/15,1218,1224.199951,1209.109985,1221.099976,1221.099976,1187400
2019/4/16,1225,1230.819946,1220.119995,1227.130005,1227.130005,856300
2019/4/17,1233,1240.560059,1227.819946,1236.339966,1236.339966,1221900
2019/4/18,1239.180054,1242,1234.609985,1236.369995,1236.369995,1331800
2019/4/22,1235.98999,1249.089966,1228.310059,1248.839966,1248.839966,807300
2019/4/23,1250.689941,1269,1246.380005,1264.550049,1264.550049,1319900
2019/4/24,1264.119995,1268.01001,1255,1256,1256,1018800
2019/4/25,1264.77002,1267.407959,1252.030029,1263.449951,1263.449951,1107300
2019/4/26,1269,1273.069946,1260.319946,1272.180054,1272.180054,1241400
2019/4/29,1274,1289.27002,1266.295044,1287.579956,1287.579956,2499400
2019/4/30,1185,1192.810059,1175,1188.47998,1188.47998,6207000
2019/5/1,1188.050049,1188.050049,1167.180054,1168.079956,1168.079956,2639200
2019/5/2,1167.76001,1174.189941,1155.001953,1162.609985,1162.609985,1944800
2019/5/3,1173.650024,1186.800049,1169,1185.400024,1185.400024,1980700
2019/5/6,1166.26001,1190.849976,1166.26001,1189.390015,1189.390015,1563900
2019/5/7,1180.469971,1190.439941,1161.040039,1174.099976,1174.099976,1551400
2019/5/8,1172.01001,1180.42395,1165.73999,1166.27002,1166.27002,1309300
2019/5/9,1159.030029,1169.660034,1150.849976,1162.380005,1162.380005,1185700
2019/5/10,1163.589966,1172.599976,1142.5,1164.27002,1164.27002,1314500
2019/5/13,1141.959961,1147.939941,1122.109985,1132.030029,1132.030029,1860600
2019/5/14,1137.209961,1140.420044,1119.550049,1120.439941,1120.439941,1836600
2019/5/15,1117.869995,1171.329956,1116.666016,1164.209961,1164.209961,2289300
2019/5/16,1164.51001,1188.160034,1162.839966,1178.97998,1178.97998,1531400
2019/5/17,1168.469971,1180.150024,1160.01001,1162.300049,1162.300049,1208600
2019/5/20,1144.5,1146.796997,1131.442993,1138.849976,1138.849976,1353300
2019/5/21,1148.48999,1152.708008,1137.939941,1149.630005,1149.630005,1159800
2019/5/22,1146.75,1158.52002,1145.890015,1151.420044,1151.420044,914500
2019/5/23,1140.5,1145.973022,1129.223999,1140.77002,1140.77002,1198900
2019/5/24,1147.359985,1149.765015,1131.660034,1133.469971,1133.469971,1112000
2019/5/28,1134,1151.587036,1133.119995,1134.150024,1134.150024,1365000
2019/5/29,1127.52002,1129.099976,1108.219971,1116.459961,1116.459961,1538200
2019/5/30,1115.540039,1123.130005,1112.119995,1117.949951,1117.949951,951900
2019/5/31,1101.290039,1109.599976,1100.180054,1103.630005,1103.630005,1507800
2019/6/3,1065.5,1065.5,1025,1036.22998,1036.22998,5130600
2019/6/4,1042.900024,1056.050049,1033.689941,1053.050049,1053.050049,2833500
2019/6/5,1051.540039,1053.550049,1030.48999,1042.219971,1042.219971,2168400
2019/6/6,1044.98999,1047.48999,1033.699951,1044.339966,1044.339966,1703200
2019/6/7,1050.630005,1070.920044,1048.400024,1066.040039,1066.040039,1802400
2019/6/10,1072.97998,1092.660034,1072.322021,1080.380005,1080.380005,1464200
2019/6/11,1093.97998,1101.98999,1077.603027,1078.719971,1078.719971,1436700
2019/6/12,1078,1080.930054,1067.540039,1077.030029,1077.030029,1061000
2019/6/13,1083.640015,1094.170044,1080.150024,1088.77002,1088.77002,1057700
2019/6/14,1086.420044,1092.689941,1080.171997,1085.349976,1085.349976,1111500
2019/6/17,1086.280029,1099.180054,1086.280029,1092.5,1092.5,941600
2019/6/18,1109.689941,1116.390015,1098.98999,1103.599976,1103.599976,1386700
2019/6/19,1105.599976,1107,1093.47998,1102.329956,1102.329956,1338800
2019/6/20,1119.98999,1120.119995,1104.73999,1111.420044,1111.420044,1262000
2019/6/21,1109.23999,1124.109985,1108.079956,1121.880005,1121.880005,1947600
2019/6/24,1119.609985,1122,1111.01001,1115.52002,1115.52002,1395600
2019/6/25,1112.660034,1114.349976,1083.800049,1086.349976,1086.349976,1546900
2019/6/26,1086.5,1092.969971,1072.23999,1079.800049,1079.800049,1810900
2019/6/27,1084,1087.099976,1075.290039,1076.01001,1076.01001,1004300
2019/6/28,1076.390015,1081,1073.369995,1080.910034,1080.910034,1693200
2019/7/1,1098,1107.579956,1093.703003,1097.949951,1097.949951,1436300
2019/7/2,1102.23999,1111.77002,1098.170044,1111.25,1111.25,991600
2019/7/3,1117.410034,1126.76001,1113.859985,1121.579956,1121.579956,767000
2019/7/5,1117.800049,1132.880005,1116.140015,1131.589966,1131.589966,1264300
2019/7/8,1125.170044,1125.97998,1111.209961,1116.349976,1116.349976,1236400
2019/7/9,1111.800049,1128.025024,1107.170044,1124.829956,1124.829956,1330400
2019/7/10,1131.219971,1142.050049,1130.969971,1140.47998,1140.47998,1209500
2019/7/11,1143.25,1153.069946,1139.579956,1144.209961,1144.209961,1195500
2019/7/12,1143.98999,1147.339966,1138.780029,1144.900024,1144.900024,864000
2019/7/15,1146.859985,1150.819946,1139.400024,1150.339966,1150.339966,903800
2019/7/16,1146,1158.579956,1145,1153.579956,1153.579956,1238800
2019/7/17,1150.969971,1158.359985,1145.77002,1146.349976,1146.349976,1170000
2019/7/18,1141.73999,1147.60498,1132.72998,1146.329956,1146.329956,1290700
2019/7/19,1148.189941,1151.140015,1129.619995,1130.099976,1130.099976,1647200
2019/7/22,1133.449951,1139.25,1124.23999,1138.069946,1138.069946,1301500
2019/7/23,1144,1146.900024,1131.800049,1146.209961,1146.209961,1093700
2019/7/24,1131.900024,1144,1126.98999,1137.810059,1137.810059,1589800
2019/7/25,1137.819946,1141.699951,1120.920044,1132.119995,1132.119995,2209800
2019/7/26,1224.040039,1265.550049,1224,1250.410034,1250.410034,4805800
2019/7/29,1241.050049,1247.369995,1228.22998,1239.410034,1239.410034,2223700
2019/7/30,1225.410034,1234.869995,1223.300049,1225.140015,1225.140015,1453300
2019/7/31,1223,1234,1207.764038,1216.680054,1216.680054,1725500
2019/8/1,1214.030029,1234.109985,1205.719971,1209.01001,1209.01001,1698500
2019/8/2,1200.73999,1206.900024,1188.939941,1193.98999,1193.98999,1645100
2019/8/5,1170.040039,1175.23999,1140.140015,1152.319946,1152.319946,2597500
2019/8/6,1163.310059,1179.959961,1160,1169.949951,1169.949951,1709400
2019/8/7,1156,1178.444946,1149.624023,1173.98999,1173.98999,1444300
2019/8/8,1182.829956,1205.01001,1173.02002,1204.800049,1204.800049,1468000
2019/8/9,1197.98999,1203.880005,1183.603027,1188.01001,1188.01001,1065700
2019/8/12,1179.209961,1184.959961,1167.671997,1174.709961,1174.709961,1003000
2019/8/13,1171.459961,1204.780029,1171.459961,1197.27002,1197.27002,1294400
2019/8/14,1176.310059,1182.300049,1160.540039,1164.290039,1164.290039,1578700
2019/8/15,1163.5,1175.839966,1162.109985,1167.26001,1167.26001,1218700
2019/8/16,1179.550049,1182.719971,1171.810059,1177.599976,1177.599976,1313300
2019/8/19,1190.089966,1206.98999,1190.089966,1198.449951,1198.449951,1231600
2019/8/20,1195.25,1196.060059,1182.109985,1182.689941,1182.689941,915500
2019/8/21,1193.150024,1199,1187.430054,1191.25,1191.25,740700
2019/8/22,1194.069946,1198.011963,1178.579956,1189.530029,1189.530029,947500
2019/8/23,1181.98999,1194.079956,1147.75,1151.290039,1151.290039,1687000
2019/8/26,1157.26001,1169.469971,1152.959961,1168.890015,1168.890015,1226100
2019/8/27,1180.530029,1182.400024,1161.449951,1167.839966,1167.839966,1077200
2019/8/28,1161.709961,1176.420044,1157.300049,1171.02002,1171.02002,802000
2019/8/29,1181.119995,1196.060059,1181.119995,1192.849976,1192.849976,1088400
2019/8/30,1198.5,1198.5,1183.802979,1188.099976,1188.099976,1129800
2019/9/3,1177.030029,1186.890015,1163.199951,1168.390015,1168.390015,1479900
2019/9/4,1176.709961,1183.47998,1171,1181.410034,1181.410034,1068900
2019/9/5,1191.530029,1213.040039,1191.530029,1211.380005,1211.380005,1408100
2019/9/6,1208.130005,1212.015015,1202.521973,1204.930054,1204.930054,1072100
2019/9/9,1204,1220,1192.619995,1204.410034,1204.410034,1471900
2019/9/10,1195.150024,1210,1194.579956,1206,1206,1260100
2019/9/11,1203.410034,1222.599976,1202.199951,1220.170044,1220.170044,1307000
2019/9/12,1224.300049,1241.859985,1223.02002,1234.25,1234.25,1725900
2019/9/13,1231.349976,1240.880005,1227.01001,1239.560059,1239.560059,1301400
2019/9/16,1229.52002,1239.560059,1225.609985,1231.300049,1231.300049,1053300
2019/9/17,1230.400024,1235,1223.689941,1229.150024,1229.150024,955100
2019/9/18,1227.51001,1235.609985,1216.530029,1232.410034,1232.410034,1135100
2019/9/19,1232.060059,1244.439941,1232.02002,1238.709961,1238.709961,996000
2019/9/20,1233.119995,1243.319946,1223.079956,1229.930054,1229.930054,2270000
2019/9/23,1226,1239.089966,1224.170044,1234.030029,1234.030029,1062400
2019/9/24,1240,1246.73999,1210.680054,1218.76001,1218.76001,1583200
2019/9/25,1215.819946,1248.300049,1210.089966,1246.52002,1246.52002,1453000
2019/9/26,1241.959961,1245,1232.267944,1241.390015,1241.390015,1538000
2019/9/27,1243.01001,1244.02002,1214.449951,1225.089966,1225.089966,1353900
2019/9/30,1220.969971,1226,1212.300049,1219,1219,1404100
2019/10/1,1219,1231.22998,1203.579956,1205.099976,1205.099976,1273500
2019/10/2,1196.97998,1196.97998,1171.290039,1176.630005,1176.630005,1615100
2019/10/3,1180,1189.060059,1162.430054,1187.829956,1187.829956,1621200
2019/10/4,1191.890015,1211.439941,1189.170044,1209,1209,1162400
2019/10/7,1204.400024,1218.203979,1203.75,1207.680054,1207.680054,842900
2019/10/8,1197.589966,1206.079956,1189.01001,1189.130005,1189.130005,1039300
2019/10/9,1199.349976,1208.349976,1197.630005,1202.310059,1202.310059,867700
2019/10/10,1198.579956,1215,1197.339966,1208.670044,1208.670044,846600
2019/10/11,1222.209961,1228.390015,1213.73999,1215.449951,1215.449951,1272700
2019/10/14,1212.339966,1226.329956,1211.76001,1217.140015,1217.140015,867500
2019/10/15,1220.400024,1247.329956,1220.400024,1243.01001,1243.01001,1381700
2019/10/16,1241.170044,1254.73999,1238.449951,1243.640015,1243.640015,1094600
2019/10/17,1250.930054,1263.324951,1249.939941,1253.069946,1253.069946,952400
2019/10/18,1253.459961,1258.890015,1241.079956,1245.48999,1245.48999,1352800
2019/10/21,1252.26001,1254.629028,1240.599976,1246.150024,1246.150024,1027200
2019/10/22,1247.849976,1250.599976,1241.380005,1242.800049,1242.800049,1023800
2019/10/23,1242.359985,1259.890015,1242.359985,1259.130005,1259.130005,911500
2019/10/24,1260.900024,1264,1253.714966,1260.98999,1260.98999,1028100
2019/10/25,1251.030029,1269.599976,1250.01001,1265.130005,1265.130005,1213100
2019/10/28,1275.449951,1299.310059,1272.540039,1290,1290,2613200
2019/10/29,1276.22998,1281.589966,1257.212036,1262.619995,1262.619995,1886400
2019/10/30,1252.969971,1269.359985,1252,1261.290039,1261.290039,1408900
2019/10/31,1261.280029,1267.670044,1250.843018,1260.109985,1260.109985,1455700
2019/11/1,1265,1274.619995,1260.5,1273.73999,1273.73999,1670100
2019/11/4,1276.449951,1294.130005,1276.35498,1291.369995,1291.369995,1501000
2019/11/5,1292.890015,1298.930054,1291.229004,1292.030029,1292.030029,1282700
2019/11/6,1289.459961,1293.72998,1282.5,1291.800049,1291.800049,1153000
2019/11/7,1294.280029,1323.73999,1294.244995,1308.859985,1308.859985,2030000
2019/11/8,1305.280029,1318,1304.36499,1311.369995,1311.369995,1251400
2019/11/11,1303.180054,1306.425049,1297.410034,1299.189941,1299.189941,1011900
2019/11/12,1300,1310,1295.77002,1298.800049,1298.800049,1085900
2019/11/13,1294.069946,1304.300049,1293.51001,1298,1298,826700
2019/11/14,1297.5,1317,1295.650024,1311.459961,1311.459961,1193500
2019/11/15,1318.939941,1334.880005,1314.280029,1334.869995,1334.869995,1782600
2019/11/18,1332.219971,1335.529053,1317.5,1320.699951,1320.699951,1487400
2019/11/19,1327.699951,1327.699951,1312.800049,1315.459961,1315.459961,1269200
2019/11/20,1311.73999,1315,1291.150024,1303.050049,1303.050049,1308600
2019/11/21,1301.47998,1312.589966,1293,1301.349976,1301.349976,995500
2019/11/22,1305.619995,1308.72998,1291.410034,1295.339966,1295.339966,1385700
2019/11/25,1299.180054,1311.310059,1298.130005,1306.689941,1306.689941,1036200
2019/11/26,1309.859985,1314.800049,1305.089966,1313.550049,1313.550049,1069700
2019/11/27,1315,1318.359985,1309.630005,1312.98999,1312.98999,995600
2019/11/29,1307.119995,1310.204956,1303.969971,1304.959961,1304.959961,587000
2019/12/2,1301,1305.829956,1281,1289.920044,1289.920044,1510900
2019/12/3,1279.569946,1298.46106,1279,1295.280029,1295.280029,1143800
2019/12/4,1307.01001,1325.800049,1304.869995,1320.540039,1320.540039,1537500
2019/12/5,1328,1329.358032,1316.439941,1328.130005,1328.130005,1212700
2019/12/6,1333.439941,1344,1333.439941,1340.619995,1340.619995,1314800
2019/12/9,1338.040039,1359.449951,1337.839966,1343.560059,1343.560059,1354300
2019/12/10,1341.5,1349.974976,1336.040039,1344.660034,1344.660034,1094100
2019/12/11,1350.839966,1351.199951,1342.670044,1345.02002,1345.02002,850400
2019/12/12,1345.939941,1355.775024,1340.5,1350.27002,1350.27002,1281000
2019/12/13,1347.949951,1353.093018,1343.869995,1347.829956,1347.829956,1549600
2019/12/16,1356.5,1364.680054,1352.670044,1361.170044,1361.170044,1397300
2019/12/17,1362.890015,1365,1351.322998,1355.119995,1355.119995,1854000
2019/12/18,1356.599976,1360.469971,1351,1352.619995,1352.619995,1522600
2019/12/19,1351.819946,1358.099976,1348.984985,1356.040039,1356.040039,1469900
2019/12/20,1363.349976,1363.640015,1349,1349.589966,1349.589966,3315000
2019/12/23,1355.869995,1359.800049,1346.51001,1348.839966,1348.839966,883100
2019/12/24,1348.5,1350.26001,1342.780029,1343.560059,1343.560059,347500
2019/12/26,1346.170044,1361.327026,1344.469971,1360.400024,1360.400024,667500
2019/12/27,1362.98999,1364.530029,1349.310059,1351.890015,1351.890015,1038400
2019/12/30,1350,1353,1334.02002,1336.140015,1336.140015,1050900
2019/12/31,1330.109985,1338,1329.084961,1337.02002,1337.02002,961800
